user_id_id	last_sub	total_points	rank	tries
facebook|10154742852921946	2017-09-26 19:07:39.944207	0	254	510510
facebook|10155827190126979	2017-09-26 04:27:39.065335	0	185	510510
facebook|10207636158620369	2017-09-26 04:56:50.812770	0	189	510510
facebook|10207873074823608	2017-09-27 15:50:00.076310	0	295	510510
facebook|10209489612429312	2017-09-25 14:46:16.510295	0	100	510510
facebook|10210207914782774	2017-09-26 16:32:14.039038	0	242	510510
facebook|10210950336534201	2017-10-08 09:38:44.400453	0	598	510510
facebook|10212044605009073	2017-10-03 01:30:42.448300	0	502	510510
facebook|10212130851040082	2017-09-25 15:30:45.008208	0	122	510510
facebook|10212673766626661	2017-09-30 14:57:47.083880	0	439	510510
facebook|10212966380546012	2017-09-25 18:50:45.226434	0	169	510510
facebook|10215448598594939	2017-09-27 04:28:15.238844	0	264	510510
facebook|102809347140496	2017-09-30 03:39:43.231882	0	416	510510
facebook|1052201004882887	2017-09-26 10:50:30.728471	100	27	170170
facebook|1064807973621814	2017-09-29 14:01:04.087060	0	399	510510
facebook|1067364066700561	2017-10-01 14:11:26.427884	0	457	510510
facebook|107064176710056	2017-09-25 14:24:04.017060	0	86	510510
facebook|1081269228676112	2017-09-30 06:16:55.571324	100	42	170170
facebook|1083475978422691	2017-10-02 16:57:12.497858	0	497	510510
facebook|1099049840229090	2017-09-28 01:59:48.961063	0	323	510510
facebook|1101632906633619	2017-09-25 15:00:25.195344	0	107	510510
facebook|1103386386464139	2017-10-03 11:14:58.974698	0	511	510510
facebook|1114108388719522	2017-09-29 15:52:39.513240	0	407	510510
facebook|1116068941856370	2017-10-04 16:18:40.933996	0	561	510510
facebook|1129033480545195	2017-09-30 09:06:24.516335	0	426	510510
facebook|1148691071929756	2017-10-02 09:39:20.853740	0	480	510510
facebook|1182158965261793	2017-09-26 10:47:12.372085	0	201	510510
facebook|1212338765538167	2017-09-29 14:07:32.127639	0	400	510510
facebook|1229862083785689	2017-10-04 10:47:56.954411	0	544	510510
facebook|124191538308153	2017-09-25 16:13:56.738818	0	137	510510
facebook|1279740778804716	2017-09-26 16:00:00.811343	0	241	510510
facebook|1287324938044862	2017-09-27 13:27:53.561938	0	281	510510
facebook|1294596594001736	2017-10-03 13:33:36.935343	0	518	510510
facebook|1310234012437445	2017-09-26 11:35:26.510730	0	207	510510
facebook|1310304275747746	2017-09-27 16:09:09.875016	0	303	510510
facebook|1329012520558649	2017-10-01 15:30:36.344495	0	465	510510
facebook|134967940467336	2017-09-28 14:51:53.611266	0	352	510510
facebook|1350673361708576	2017-10-04 17:19:35.654247	0	566	510510
facebook|135168230552384	2017-09-26 08:32:06.940037	0	198	510510
facebook|1367927186639710	2017-10-04 16:05:25.132963	0	559	510510
facebook|1373457776100582	2017-09-25 17:33:15.698095	0	157	510510
facebook|1385341878250322	2017-09-25 14:42:17.297480	0	96	510510
facebook|1405971512851099	2017-09-28 01:52:00.810239	0	321	510510
facebook|1415469015226721	2017-09-26 14:40:57.240782	0	231	510510
facebook|1416511581803187	2017-09-26 14:06:07.422618	250	5	34034
facebook|1419430424839316	2017-09-26 00:48:41.529055	0	178	510510
facebook|1419616674813236	2017-09-29 12:44:23.911226	0	394	510510
facebook|1420634698056345	2017-09-27 17:57:34.258186	0	314	510510
facebook|1422715454502895	2017-09-26 02:22:35.469446	100	26	170170
facebook|1425110150919410	2017-10-02 02:34:28.466127	0	472	510510
facebook|1425485990822049	2017-09-25 18:29:06.985370	0	165	510510
facebook|1426052294175310	2017-09-28 17:24:59.746429	0	361	510510
facebook|1429957473766573	2017-09-26 11:20:31.548787	0	206	510510
facebook|1433634870006104	2017-09-27 02:29:28.681219	100	33	170170
facebook|1444356958952424	2017-09-25 16:17:18.584877	100	20	170170
facebook|1446500162103638	2017-09-29 15:01:45.674066	0	403	510510
facebook|1447270452030083	2017-10-04 15:30:52.154304	0	555	510510
facebook|1449816565108791	2017-09-25 15:04:53.423719	0	110	510510
facebook|1450362098383076	2017-10-02 14:50:15.075213	0	487	510510
facebook|1452852318138119	2017-09-27 17:59:04.228132	0	315	510510
facebook|1455906841152693	2017-09-25 14:33:48.669886	0	89	510510
facebook|1459902644103125	2017-09-25 14:13:49.136577	0	83	510510
facebook|1460696237342071	2017-10-03 11:20:14.523993	0	512	510510
facebook|1461723983911121	2017-10-04 10:04:44.858386	0	542	510510
facebook|1462163237209578	2017-09-27 15:39:27.400587	0	293	510510
facebook|1463024297096050	2017-09-27 16:02:52.737830	0	300	510510
facebook|1465808540165049	2017-09-26 07:12:55.768655	0	195	510510
facebook|1465962073496679	2017-09-26 16:56:13.005782	0	244	510510
facebook|1466345950108566	2017-09-26 13:20:18.580731	0	216	510510
facebook|1466408736770854	2017-10-07 07:44:32.278231	0	592	510510
facebook|1467555746667341	2017-09-27 16:47:39.657908	0	308	510510
facebook|1468015853283709	2017-09-28 13:46:52.831454	0	343	510510
facebook|1468553889848515	2017-09-27 15:54:29.163435	0	297	510510
facebook|1473037509456249	2017-10-02 17:06:07.287487	0	499	510510
facebook|1474054359315012	2017-09-29 13:56:28.479982	0	398	510510
facebook|1477310612382461	2017-10-01 17:12:50.471453	0	470	510510
facebook|1477626848995455	2017-09-30 07:40:22.038225	0	425	510510
facebook|1479863488788562	2017-09-26 04:35:10.860155	0	186	510510
facebook|1481497941947030	2017-09-27 16:04:15.735209	0	302	510510
facebook|1482316978519503	2017-10-02 12:10:17.345198	0	483	510510
facebook|1483748991717450	2017-10-05 18:07:42.662448	0	582	510510
facebook|1491866000905691	2017-09-26 09:10:22.540815	0	199	510510
facebook|1493215380772106	2017-09-28 14:13:30.205054	0	345	510510
facebook|1495087903893299	2017-09-25 13:30:43.875071	0	54	510510
facebook|1501039976655713	2017-10-06 01:12:20.596269	0	583	510510
facebook|1501425103271445	2017-09-25 13:43:43.479194	0	60	510510
facebook|1505180656231138	2017-09-26 01:37:43.127924	0	179	510510
facebook|1505856822831924	2017-09-26 06:44:11.550936	0	192	510510
facebook|1508342115923794	2017-10-03 04:10:55.328029	0	505	510510
facebook|1508426132571735	2017-10-03 04:36:40.335954	0	507	510510
facebook|1522457121195850	2017-09-25 13:59:32.079626	0	73	510510
facebook|1527188787369227	2017-10-04 05:52:28.083942	0	533	510510
facebook|1527999753959703	2017-10-03 12:29:21.672677	0	513	510510
facebook|1529401550453925	2017-09-25 14:16:09.867931	100	11	170170
facebook|1533402436735543	2017-09-27 04:25:26.053650	0	263	510510
facebook|1538703709525670	2017-09-25 13:26:13.905905	0	49	510510
facebook|1543281439062983	2017-09-26 14:57:45.774072	0	232	510510
facebook|1543799492324881	2017-09-27 18:01:23.299363	100	37	170170
facebook|1562351547157117	2017-09-29 09:58:31.686382	0	389	510510
facebook|1563002837100699	2017-09-28 12:54:48.250850	0	340	510510
facebook|1563717850354050	2017-09-25 14:46:12.515733	0	99	510510
facebook|1564077183649214	2017-10-13 04:42:36.905279	0	604	510510
facebook|1568097199921067	2017-10-08 09:31:36.963316	0	597	510510
facebook|1575368812530377	2017-09-28 19:27:55.864663	0	365	510510
facebook|1579738102090190	2017-09-30 14:31:46.168508	0	438	510510
facebook|1587578551300057	2017-09-25 18:39:39.609512	0	166	510510
facebook|1601454113227436	2017-10-03 10:03:48.362296	0	509	510510
facebook|1605040429518286	2017-09-25 13:56:06.223376	0	69	510510
facebook|1605504222839766	2017-09-28 17:03:33.101234	0	359	510510
facebook|1606499092746674	2017-09-29 19:25:52.554578	0	413	510510
facebook|1611501805578714	2017-09-25 18:23:43.432574	0	163	510510
facebook|1614637508595619	2017-09-26 11:35:09.745352	100	28	170170
facebook|1635478919830819	2017-09-27 16:15:45.647267	0	304	510510
facebook|1643965895677499	2017-09-27 14:31:10.185147	0	287	510510
facebook|1645801335484067	2017-09-25 15:35:05.223994	0	125	510510
facebook|1646618858689875	2017-10-03 12:42:57.046038	0	514	510510
facebook|1653758391358246	2017-10-01 07:50:05.784405	0	451	510510
facebook|1656180407788649	2017-09-25 15:45:32.610073	0	129	510510
facebook|1656949587683685	2017-09-29 12:00:11.501889	0	393	510510
facebook|1658837327522522	2017-09-26 07:10:46.190905	0	194	510510
facebook|1659597974070984	2017-09-26 05:10:12.256743	0	190	510510
facebook|166489320573110	2017-09-25 17:09:47.734874	100	25	170170
facebook|1669833826423130	2017-09-25 14:14:19.054490	0	84	510510
facebook|1675813432438392	2017-09-27 08:26:28.805447	0	268	510510
facebook|1676754782420830	2017-09-27 09:12:23.580242	0	271	510510
facebook|1676866899053860	2017-09-26 06:46:46.976615	0	193	510510
facebook|1688627557875375	2017-10-03 16:42:30.593876	0	527	510510
facebook|1701449929867365	2017-09-25 16:04:58.466752	0	134	510510
facebook|1703941383014585	2017-10-01 12:07:44.076673	0	455	510510
facebook|1710821012293267	2017-09-30 11:24:22.521826	0	429	510510
facebook|1719931058302986	2017-10-04 15:09:59.109626	0	552	510510
facebook|1731607780215277	2017-10-02 17:01:01.414704	0	498	510510
facebook|1744737305538436	2017-10-01 14:39:08.354119	0	460	510510
facebook|1768501013455049	2017-10-04 18:37:46.565657	0	567	510510
facebook|1802255179802594	2017-10-05 04:47:09.424202	0	572	510510
facebook|1804815382880354	2017-09-25 18:58:17.915735	0	170	510510
facebook|1807253429304856	2017-10-09 04:11:34.620275	0	600	510510
facebook|1825526464128680	2017-10-02 15:21:40.309890	0	489	510510
facebook|1832385130112513	2017-09-25 13:52:26.857942	0	64	510510
facebook|1858332340859902	2017-09-27 16:23:39.973212	0	305	510510
facebook|1875400232470212	2017-09-28 08:44:44.557306	0	334	510510
facebook|1908985626017955	2017-10-06 20:21:51.299318	0	589	510510
facebook|1921965331375867	2017-09-25 13:50:34.313419	0	62	510510
facebook|1925165051071103	2017-09-26 08:18:10.060651	0	197	510510
facebook|1937898669560643	2017-09-25 13:58:59.122519	0	72	510510
facebook|1939338482998269	2017-09-26 18:41:26.896663	0	253	510510
facebook|1946812582233770	2017-10-04 15:26:55.061760	0	554	510510
facebook|1949401701985229	2017-09-25 14:53:50.777879	0	103	510510
facebook|1960284990895533	2017-09-26 14:38:54.683296	0	229	510510
facebook|1970877116567436	2017-09-28 11:49:41.459085	0	336	510510
facebook|1971537616459372	2017-09-30 14:05:47.787888	0	436	510510
facebook|1974586952755961	2017-09-27 15:13:44.518793	0	290	510510
facebook|1983756911836725	2017-09-30 11:43:15.746708	0	430	510510
facebook|1984709251814216	2017-09-25 18:39:52.444219	0	167	510510
facebook|199842500554664	2017-09-27 08:59:34.281414	0	270	510510
facebook|2016228511969229	2017-09-30 17:29:17.781800	0	444	510510
facebook|2069367973088868	2017-10-03 03:51:17.141747	0	504	510510
facebook|2076893435669921	2017-09-27 04:17:48.836426	0	262	510510
facebook|209502486255438	2017-09-25 15:09:26.614261	0	114	510510
facebook|311393545996017	2017-10-05 09:26:01.056380	0	575	510510
facebook|338728349888666	2017-09-28 18:01:12.886042	0	363	510510
facebook|513475185655088	2017-09-29 04:23:23.678558	0	374	510510
facebook|694694240735318	2017-10-07 07:36:54.148773	0	591	510510
facebook|701270510058959	2017-09-29 18:01:42.931062	0	412	510510
facebook|707138046148313	2017-09-25 14:10:04.435310	100	10	170170
facebook|716799288509103	2017-09-27 00:54:49.971913	0	256	510510
facebook|723507017847665	2017-10-02 12:35:14.744120	0	484	510510
facebook|729299750598623	2017-09-27 17:23:59.747275	0	310	510510
facebook|752668158274475	2017-09-26 13:42:02.849084	0	220	510510
facebook|841578662672848	2017-10-01 14:49:13.693164	0	461	510510
facebook|885349794948055	2017-09-28 01:28:06.149494	0	319	510510
facebook|889440084537609	2017-09-25 16:46:23.649558	0	148	510510
facebook|991944560946725	2017-09-25 13:52:44.608811	0	65	510510
facebook|994823453989294	2017-10-04 03:12:17.721890	0	532	510510
google-oauth2|100006126568690042751	2017-10-12 14:29:10.076138	0	603	510510
google-oauth2|100121644509698684467	2017-09-26 12:10:11.270443	0	209	510510
google-oauth2|100128301346574677092	2017-09-30 11:44:29.138208	0	431	510510
google-oauth2|100152048910525238074	2017-09-25 17:49:13.256353	0	159	510510
google-oauth2|100181068572034509657	2017-09-27 02:30:44.042565	0	259	510510
google-oauth2|100239683775183990800	2017-10-03 16:25:10.668686	0	524	510510
google-oauth2|100262867850128977614	2017-09-25 14:11:11.961832	0	81	510510
google-oauth2|100268834017484013987	2017-09-29 14:22:37.277299	0	401	510510
google-oauth2|100487910902307622450	2017-09-25 14:07:28.032337	0	78	510510
google-oauth2|100505569040089679341	2017-09-25 14:08:06.465219	0	79	510510
google-oauth2|100511349271056158974	2017-09-27 12:01:22.415592	100	34	170170
google-oauth2|100521885260238633895	2017-10-01 10:26:44.856258	100	44	170170
google-oauth2|100575296082696314811	2017-09-29 09:15:31.776552	0	387	510510
google-oauth2|100699356183656841344	2017-09-30 15:19:28.844987	0	441	510510
google-oauth2|100723626965423610860	2017-10-02 14:16:15.314225	0	485	510510
google-oauth2|100737791025426744672	2017-09-26 13:21:27.769126	0	218	510510
google-oauth2|100740375579436565192	2017-10-02 16:34:27.034462	0	496	510510
google-oauth2|100798529059306198839	2017-10-04 08:28:00.303448	0	536	510510
google-oauth2|100949464690100818032	2017-10-03 16:58:35.718574	0	528	510510
google-oauth2|100956977333542450805	2017-09-27 01:37:38.509694	0	257	510510
google-oauth2|101018593116865978034	2017-09-26 17:51:51.926910	0	250	510510
google-oauth2|101043580377730629775	2017-10-02 06:00:06.778083	0	475	510510
google-oauth2|101046658885035294496	2017-09-25 15:34:54.354255	0	124	510510
google-oauth2|101125248315465473628	2017-09-28 17:37:30.058363	0	362	510510
google-oauth2|101160478989571646019	2017-09-25 16:45:38.016054	0	147	510510
google-oauth2|101223619846215543572	2017-10-04 16:41:23.727879	0	564	510510
google-oauth2|101254411904826274874	2017-09-26 14:24:31.173232	0	226	510510
google-oauth2|101278796230868060457	2017-09-28 01:40:15.231921	0	320	510510
google-oauth2|101330973950756165131	2017-10-04 09:32:06.143884	0	541	510510
google-oauth2|101552171827996516352	2017-09-25 13:54:23.085310	0	66	510510
google-oauth2|101580540506446833771	2017-09-27 17:15:07.081900	0	309	510510
google-oauth2|101590492636416357105	2017-10-05 04:13:46.735686	0	570	510510
google-oauth2|101630270168331086400	2017-09-27 13:35:52.850657	0	283	510510
google-oauth2|101701129531586255623	2017-09-25 15:05:41.059038	0	111	510510
google-oauth2|101708543269077356683	2017-09-25 18:26:50.826498	0	164	510510
google-oauth2|101760790682756422587	2017-09-25 14:55:33.716356	0	104	510510
google-oauth2|101790562838033843280	2017-09-25 17:20:52.179286	0	156	510510
google-oauth2|101793399697134602859	2017-09-29 15:06:35.523880	0	404	510510
google-oauth2|101826439026089983122	2017-09-25 16:45:06.503753	0	146	510510
google-oauth2|101895023920079638001	2017-09-25 13:37:02.261114	0	58	510510
google-oauth2|101916989419592579152	2017-09-26 11:35:46.157844	0	208	510510
google-oauth2|102019766775390085933	2017-09-27 16:02:55.631768	0	301	510510
google-oauth2|102030851361726897029	2017-09-25 17:59:29.140114	250	4	34034
google-oauth2|102092772843693491576	2017-09-26 17:40:49.318712	0	249	510510
google-oauth2|102158299495628499923	2017-09-26 03:16:37.534705	0	182	510510
google-oauth2|102185326330089177566	2017-09-27 13:26:11.993708	0	280	510510
google-oauth2|102208030148097607406	2017-10-02 01:28:53.311925	0	471	510510
google-oauth2|102227355571837022182	2017-09-25 16:55:03.674234	0	149	510510
google-oauth2|102229974957964949459	2017-09-26 10:57:20.207639	0	204	510510
google-oauth2|102273645989042053114	2017-09-25 17:02:56.101277	100	23	170170
google-oauth2|102306436070152859515	2017-09-30 10:58:44.108332	0	428	510510
google-oauth2|102325413438541930084	2017-09-25 13:27:13.731928	0	50	510510
google-oauth2|102331426082604001060	2017-10-03 13:30:32.371569	0	517	510510
google-oauth2|102349120364960295739	2017-09-29 16:08:45.059668	0	410	510510
google-oauth2|102354547621606826468	2017-09-28 05:27:38.754952	0	327	510510
google-oauth2|102371205313105560002	2017-09-28 07:38:29.170260	0	330	510510
google-oauth2|102426273204977197696	2017-09-26 17:27:32.123302	0	248	510510
google-oauth2|102445564302165094983	2017-10-09 10:05:51.007102	0	601	510510
google-oauth2|102451005738106885740	2017-09-25 14:21:19.892816	0	85	510510
google-oauth2|102477600138042609745	2017-10-01 06:20:12.076948	0	450	510510
google-oauth2|102717319377335401946	2017-09-25 13:32:29.271619	0	56	510510
google-oauth2|102785664084317442445	2017-10-01 16:47:02.963923	0	469	510510
google-oauth2|102811638274132186632	2017-09-26 06:39:20.850533	0	191	510510
google-oauth2|102889940973524840902	2017-09-26 14:16:15.348920	0	225	510510
google-oauth2|102901501402905561793	2017-09-27 16:45:09.501741	0	307	510510
google-oauth2|102917982184874905771	2017-09-30 07:53:14.218443	100	43	170170
google-oauth2|102963943779502495843	2017-09-26 14:05:02.798625	100	30	170170
google-oauth2|103039438003845470911	2017-09-27 18:07:19.318660	0	316	510510
google-oauth2|103181756456583409967	2017-09-28 14:28:30.413558	0	348	510510
google-oauth2|103234640091522425783	2017-10-02 16:22:19.233262	0	495	510510
google-oauth2|103266535079107013365	2017-09-27 14:47:48.588730	0	288	510510
google-oauth2|103283330859623942320	2017-10-08 04:02:14.966904	0	596	510510
google-oauth2|103285479905885092772	2017-09-25 16:19:26.378611	0	139	510510
google-oauth2|103287303596012557060	2017-09-25 13:41:34.427074	0	59	510510
google-oauth2|103295552693001475495	2017-09-25 17:14:52.809778	0	154	510510
google-oauth2|103296477322137948754	2017-10-13 05:51:41.409255	0	605	510510
google-oauth2|103344350366437700079	2017-09-30 22:22:15.781682	0	448	510510
google-oauth2|103355571522758207615	2017-09-30 12:45:37.685448	0	432	510510
google-oauth2|103421187062258689583	2017-10-04 13:20:42.620187	0	548	510510
google-oauth2|103648916494776076120	2017-10-02 16:18:38.503884	0	494	510510
google-oauth2|103678568562840352177	2017-10-02 15:24:33.516047	0	490	510510
google-oauth2|103747507639244318200	2017-09-26 16:39:32.358456	100	32	170170
google-oauth2|103794995829151858896	2017-09-29 02:03:21.495856	0	366	510510
google-oauth2|103798826988766611168	2017-09-26 15:43:33.134517	100	31	170170
google-oauth2|103804417249001107426	2017-09-27 17:48:15.465148	0	313	510510
google-oauth2|103844698887614160944	2017-09-25 13:39:40.703360	100	6	170170
google-oauth2|103851824261246288536	2017-10-01 14:25:34.379883	0	458	510510
google-oauth2|103871678622543562133	2017-09-26 14:36:39.503604	0	228	510510
google-oauth2|103888689048747607523	2017-09-29 12:47:12.490033	0	395	510510
google-oauth2|103933968812310848599	2017-09-28 18:30:36.773007	0	364	510510
google-oauth2|103939889702049862633	2017-10-03 16:20:46.515216	0	523	510510
google-oauth2|103991579900498238294	2017-10-02 07:41:13.931070	0	479	510510
google-oauth2|104096626187807460795	2017-09-25 14:09:56.340240	100	9	170170
google-oauth2|104115589908352335032	2017-09-25 13:55:05.032886	0	67	510510
google-oauth2|104153792058097672539	2017-09-27 15:57:24.410230	0	298	510510
google-oauth2|104244217766185678184	2017-10-04 09:05:08.215418	0	538	510510
google-oauth2|104249744094142988562	2017-09-26 15:50:09.797198	0	237	510510
google-oauth2|104253455608646029701	2017-10-04 16:27:36.678205	0	563	510510
google-oauth2|104307654099705452554	2017-09-29 14:51:06.620235	0	402	510510
google-oauth2|104364040303778038781	2017-09-25 17:35:20.745318	800	1	34
google-oauth2|104446830350319430516	2017-09-26 13:39:54.041080	0	219	510510
google-oauth2|104590962110585674256	2017-09-25 14:34:19.714768	0	90	510510
google-oauth2|104644697420774252487	2017-10-02 06:15:49.515859	0	476	510510
google-oauth2|104645494557301153980	2017-09-25 19:23:48.611401	0	171	510510
google-oauth2|104719075795636687717	2017-09-26 10:49:44.418568	0	203	510510
google-oauth2|104826399908260292139	2017-09-27 13:41:24.910354	0	284	510510
google-oauth2|104848680324012823074	2017-10-01 09:43:29.246518	0	453	510510
google-oauth2|104853373412645233793	2017-09-25 19:27:44.061175	0	172	510510
google-oauth2|104859331460732087772	2017-09-27 10:15:34.596351	0	274	510510
google-oauth2|105052198884132098806	2017-09-25 17:14:20.213586	0	153	510510
google-oauth2|105072674425973947736	2017-09-30 06:09:39.501074	0	420	510510
google-oauth2|105106947501941818503	2017-10-05 11:24:22.323067	0	578	510510
google-oauth2|105111727362904918318	2017-09-26 03:11:38.313795	0	181	510510
google-oauth2|105127348814674326302	2017-09-26 10:05:38.725642	0	200	510510
google-oauth2|105183217959191151505	2017-10-05 10:34:02.854835	0	577	510510
google-oauth2|105207488289295330502	2017-09-29 17:46:34.990307	0	411	510510
google-oauth2|105209538449257255869	2017-09-25 15:10:01.233795	0	115	510510
google-oauth2|105283472350035700632	2017-09-30 09:36:46.608898	0	427	510510
google-oauth2|105315110772975643386	2017-09-25 16:06:17.913944	0	135	510510
google-oauth2|105320485971106344657	2017-10-04 06:05:28.065593	0	535	510510
google-oauth2|105382070445651165744	2017-09-25 16:04:14.952664	0	133	510510
google-oauth2|105393290317696634602	2017-09-25 15:26:38.402546	0	120	510510
google-oauth2|105394746757545401119	2017-09-29 09:55:28.631800	0	388	510510
google-oauth2|105421984384008839714	2017-09-25 15:02:26.381148	0	109	510510
google-oauth2|105473829265242955070	2017-09-27 15:53:37.075080	0	296	510510
google-oauth2|105527828994165903773	2017-09-25 16:23:25.508754	0	141	510510
google-oauth2|105590484816424333593	2017-10-14 09:38:16.442230	0	606	510510
google-oauth2|105801824082354115486	2017-09-28 15:30:47.750933	0	355	510510
google-oauth2|105841857891450591266	2017-10-02 09:49:04.758606	0	481	510510
google-oauth2|105843907901195764117	2017-09-29 11:02:01.138167	0	391	510510
google-oauth2|105854480398015585126	2017-09-26 10:49:19.579622	0	202	510510
google-oauth2|105880196397600903353	2017-09-25 13:30:20.313218	0	52	510510
google-oauth2|105902126230940757949	2017-09-28 14:39:01.947117	0	349	510510
google-oauth2|106048148220486021780	2017-09-26 13:20:39.344487	0	217	510510
google-oauth2|106081157571462770070	2017-10-02 17:31:21.296961	0	500	510510
google-oauth2|106162616186075575785	2017-09-27 12:30:51.804823	0	277	510510
google-oauth2|106169168206177943575	2017-10-04 11:01:10.605171	0	545	510510
google-oauth2|106189901704702917494	2017-09-27 08:28:32.050331	0	269	510510
google-oauth2|106200839399553375577	2017-09-25 16:21:49.715800	0	140	510510
google-oauth2|106211559036101489725	2017-09-26 12:57:04.151650	100	29	170170
google-oauth2|106214444410149801088	2017-09-25 15:51:38.625733	100	15	170170
google-oauth2|106236282122757308072	2017-10-01 15:06:30.401085	0	463	510510
google-oauth2|106237509295625376466	2017-09-27 05:28:28.108535	0	265	510510
google-oauth2|106268640376220910363	2017-09-25 13:56:13.194616	0	70	510510
google-oauth2|106337106203899476327	2017-09-27 03:40:28.034053	0	260	510510
google-oauth2|106429241876459266702	2017-10-02 14:57:17.457273	0	488	510510
google-oauth2|106452161808056875733	2017-09-25 14:52:56.645881	0	102	510510
google-oauth2|106474497826276742380	2017-10-03 16:26:31.537638	0	525	510510
google-oauth2|106482094347102216352	2017-09-29 15:39:22.048206	0	406	510510
google-oauth2|106499056584256034295	2017-10-04 15:26:04.440106	0	553	510510
google-oauth2|106515502685648961796	2017-09-25 15:55:43.768254	100	16	170170
google-oauth2|106557358535791560995	2017-09-25 13:24:59.944969	0	47	510510
google-oauth2|106622899845392881416	2017-10-01 08:29:33.879691	0	452	510510
google-oauth2|106633203491215045728	2017-09-26 14:04:29.020714	0	224	510510
google-oauth2|106663936595696939806	2017-09-30 14:27:52.776509	0	437	510510
google-oauth2|106707751064269941142	2017-09-25 15:49:13.842741	0	131	510510
google-oauth2|106727144076572801676	2017-09-28 14:42:05.548099	0	350	510510
google-oauth2|106751257415183104265	2017-09-27 09:35:40.520374	0	272	510510
google-oauth2|106842464114290200793	2017-09-25 17:08:30.869918	0	151	510510
google-oauth2|106873246590281503504	2017-09-26 13:16:53.405284	0	215	510510
google-oauth2|106913444643339025165	2017-09-25 13:30:36.213042	0	53	510510
google-oauth2|106917583863290634223	2017-09-25 16:14:36.585229	0	138	510510
google-oauth2|106923538436570908206	2017-10-01 16:06:26.752007	0	468	510510
google-oauth2|106927434642533840348	2017-09-27 13:30:38.595021	0	282	510510
google-oauth2|106952499489507960100	2017-10-04 14:59:07.472305	0	551	510510
google-oauth2|106971896731546619607	2017-09-25 18:13:35.324899	0	162	510510
google-oauth2|107015526842580764190	2017-10-02 11:42:50.072392	0	482	510510
google-oauth2|107069485718688772042	2017-09-25 15:13:28.711886	400	3	3570
google-oauth2|107073836285766207328	2017-09-30 15:22:30.654349	0	442	510510
google-oauth2|107124452562803698175	2017-09-28 14:57:15.449337	0	353	510510
google-oauth2|107143435273318087110	2017-09-26 13:01:26.381378	0	214	510510
google-oauth2|107192916731147505988	2017-09-25 14:02:20.505652	0	74	510510
google-oauth2|107233881985231797876	2017-09-25 15:45:02.750328	0	128	510510
google-oauth2|107253135837476060857	2017-09-28 13:00:40.622375	0	341	510510
google-oauth2|107253621648013295676	2017-09-30 05:37:58.664441	0	418	510510
google-oauth2|107254106236041914054	2017-09-25 14:51:10.341368	100	13	170170
google-oauth2|107255006478164325746	2017-10-01 15:40:41.076013	0	466	510510
google-oauth2|107264260135103761299	2017-09-28 17:08:29.842112	0	360	510510
google-oauth2|107287923574152770174	2017-10-04 08:40:05.617388	0	537	510510
google-oauth2|107380434447756501545	2017-09-25 14:39:11.785343	0	94	510510
google-oauth2|107410845678383011346	2017-09-25 19:36:03.954484	0	174	510510
google-oauth2|107423396120353943989	2017-09-28 14:51:29.047238	0	351	510510
google-oauth2|107563655779060713804	2017-10-06 11:08:31.446194	0	587	510510
google-oauth2|107577415995498921518	2017-10-05 11:58:24.403556	0	579	510510
google-oauth2|107671478535334453857	2017-09-25 14:02:31.629129	0	75	510510
google-oauth2|107693688496553968823	2017-09-30 16:15:18.908354	0	443	510510
google-oauth2|107700899914241538529	2017-09-25 16:37:28.636433	0	143	510510
google-oauth2|107744059093463355964	2017-09-26 17:16:46.515804	0	247	510510
google-oauth2|107825713251307364793	2017-10-04 16:26:44.412011	0	562	510510
google-oauth2|107831871839701910621	2017-09-29 07:55:15.890221	0	383	510510
google-oauth2|107844975781733903611	2017-10-05 09:46:09.331625	0	576	510510
google-oauth2|107960814239041920485	2017-10-03 04:34:47.997752	0	506	510510
google-oauth2|108030864280148474702	2017-09-26 17:55:51.206896	0	251	510510
google-oauth2|108055553627512425782	2017-10-06 03:52:03.745239	0	584	510510
google-oauth2|108160474356034653809	2017-09-25 16:36:23.934912	100	21	170170
google-oauth2|108193472923842399300	2017-09-30 17:30:34.865173	0	445	510510
google-oauth2|108292501913728979844	2017-09-28 12:37:15.587890	0	338	510510
google-oauth2|108329385474432084117	2017-09-28 15:18:55.721973	0	354	510510
google-oauth2|108337840302498232244	2017-09-28 05:49:32.330874	0	328	510510
google-oauth2|108405214959006723378	2017-09-25 15:00:30.748742	0	108	510510
google-oauth2|108436402164240801222	2017-09-26 15:37:15.453307	0	236	510510
google-oauth2|108490228817210876814	2017-09-29 06:37:37.198191	0	378	510510
google-oauth2|108502713691970483379	2017-09-29 16:02:29.273322	0	409	510510
google-oauth2|108510012076215374254	2017-09-29 09:12:26.752156	0	386	510510
google-oauth2|108599885968408452626	2017-09-30 17:53:23.389762	0	446	510510
google-oauth2|108714689151945015098	2017-09-25 14:13:17.701653	0	82	510510
google-oauth2|108768143441898416829	2017-09-30 05:50:19.988860	0	419	510510
google-oauth2|108803460168671672911	2017-10-06 09:21:01.293417	0	586	510510
google-oauth2|108948090193481477914	2017-09-26 16:34:18.098287	0	243	510510
google-oauth2|108970236781205954569	2017-09-30 04:09:16.218260	0	417	510510
google-oauth2|109066304918187817757	2017-09-29 06:57:36.145914	0	379	510510
google-oauth2|109087003362318749276	2017-10-03 18:02:00.425947	0	530	510510
google-oauth2|109140866563481513631	2017-09-26 14:39:55.379112	0	230	510510
google-oauth2|109175685634865290766	2017-09-25 15:31:26.465326	0	123	510510
google-oauth2|109326397294350413313	2017-09-26 19:30:09.205359	0	255	510510
google-oauth2|109354645790300860125	2017-10-03 19:08:59.437988	0	531	510510
google-oauth2|109355694655513052148	2017-09-26 12:29:29.245339	0	211	510510
google-oauth2|109366980684085346439	2017-10-04 10:44:02.230994	0	543	510510
google-oauth2|109390722201924243436	2017-09-27 13:06:07.920020	0	279	510510
google-oauth2|109440675549195813316	2017-09-30 07:16:38.221598	0	424	510510
google-oauth2|109496493426905548322	2017-10-02 10:32:12.907980	100	46	170170
google-oauth2|109536241687864962478	2017-09-29 08:26:50.392532	0	385	510510
google-oauth2|109558797927239470153	2017-10-04 09:09:42.347238	0	540	510510
google-oauth2|109589383086155443384	2017-10-06 13:56:46.921762	0	588	510510
google-oauth2|109742179411941082890	2017-09-25 16:07:18.220001	0	136	510510
google-oauth2|109778665174307704235	2017-09-25 15:07:24.154282	0	113	510510
google-oauth2|109865700993086760843	2017-09-26 15:07:24.835657	0	235	510510
google-oauth2|109870831328153911119	2017-10-03 14:38:03.675580	0	520	510510
google-oauth2|109884318362860487398	2017-09-30 06:33:12.757093	0	423	510510
google-oauth2|109907823823222729218	2017-10-03 15:10:41.914306	0	521	510510
google-oauth2|109953953046243907697	2017-10-02 07:11:41.782239	0	477	510510
google-oauth2|109963024375147409453	2017-09-25 14:10:21.315847	0	80	510510
google-oauth2|109972832435770098515	2017-10-07 02:45:22.880619	0	590	510510
google-oauth2|109973669992604714989	2017-09-25 14:49:48.028135	0	101	510510
google-oauth2|109991189339722424706	2017-09-25 14:25:29.972954	0	87	510510
google-oauth2|110005896850170424619	2017-09-28 14:14:39.609786	0	346	510510
google-oauth2|110065002951471712467	2017-09-25 14:32:29.671868	0	88	510510
google-oauth2|110127775342670394268	2017-09-30 06:13:00.657501	0	421	510510
google-oauth2|110153599982933936033	2017-09-25 15:46:03.784125	0	130	510510
google-oauth2|110158584889708846499	2017-09-26 12:57:57.295000	0	212	510510
google-oauth2|110163023860495585005	2017-09-27 13:48:32.522983	0	285	510510
google-oauth2|110223288939910451512	2017-09-25 17:56:45.604024	0	161	510510
google-oauth2|110233468017827410958	2017-09-25 16:03:49.606169	0	132	510510
google-oauth2|110235039140342514500	2017-09-29 07:23:51.040295	0	382	510510
google-oauth2|110289506013550918174	2017-09-26 04:54:31.080530	0	188	510510
google-oauth2|110321157000467986068	2017-09-25 14:44:18.970218	0	97	510510
google-oauth2|110333542952833555093	2017-09-27 04:04:38.284064	0	261	510510
google-oauth2|110364259024916179115	2017-09-25 13:52:09.492355	0	63	510510
google-oauth2|110367125192088853614	2017-09-27 05:59:43.498779	0	266	510510
google-oauth2|110394400316524271506	2017-09-26 13:52:02.716204	0	222	510510
google-oauth2|110394829222543592385	2017-09-30 13:31:57.863140	0	433	510510
google-oauth2|110444249015066463076	2017-10-02 15:51:32.104146	0	492	510510
google-oauth2|110467877628908449853	2017-09-26 15:56:06.893827	0	240	510510
google-oauth2|110477343037645147452	2017-09-29 03:35:06.212859	0	370	510510
google-oauth2|110530265137027393216	2017-10-01 15:54:55.303175	0	467	510510
google-oauth2|110571427325336548605	2017-09-29 13:37:29.310659	0	397	510510
google-oauth2|110575770545397477206	2017-10-03 02:30:11.465305	0	503	510510
google-oauth2|110684826656240888061	2017-09-25 14:37:44.956119	0	93	510510
google-oauth2|110726984165344953641	2017-09-29 03:57:16.179152	0	373	510510
google-oauth2|110737000134162275984	2017-10-01 14:33:13.070811	0	459	510510
google-oauth2|110751809685449299775	2017-09-29 02:36:44.035654	0	368	510510
google-oauth2|110852300275850345000	2017-09-26 02:29:20.902550	450	2	2618
google-oauth2|110856051876268908144	2017-10-08 10:11:36.083165	0	599	510510
google-oauth2|110906836466953865513	2017-09-25 14:41:59.676449	0	95	510510
google-oauth2|110934652271997954955	2017-09-29 06:05:18.485815	0	377	510510
google-oauth2|111025689194474289867	2017-09-25 18:44:27.990157	0	168	510510
google-oauth2|111157536737964316005	2017-09-26 14:27:26.181552	0	227	510510
google-oauth2|111275076163792442813	2017-09-26 15:55:54.957843	0	239	510510
google-oauth2|111300987295622418174	2017-09-30 13:54:35.368053	0	435	510510
google-oauth2|111318922611400569194	2017-10-02 18:29:47.743321	0	501	510510
google-oauth2|111331887238000845031	2017-09-27 12:55:56.561029	0	278	510510
google-oauth2|111332935836464515469	2017-10-01 15:14:14.207803	0	464	510510
google-oauth2|111452142678946652823	2017-09-25 19:40:11.136837	0	175	510510
google-oauth2|111516698283128380686	2017-09-29 11:19:15.245924	100	40	170170
google-oauth2|111517159153270952013	2017-09-26 17:12:32.648166	0	246	510510
google-oauth2|111520580251227409943	2017-10-03 16:42:05.730494	0	526	510510
google-oauth2|111571707779694599450	2017-09-25 17:48:56.217538	0	158	510510
google-oauth2|111653128260154597991	2017-09-29 11:10:49.595594	0	392	510510
google-oauth2|111653521261554155206	2017-10-02 07:29:03.834843	0	478	510510
google-oauth2|111692729108780036840	2017-10-03 16:06:09.682835	0	522	510510
google-oauth2|111701560616708685069	2017-09-25 14:04:45.786193	0	77	510510
google-oauth2|111871303707628425754	2017-09-25 13:25:28.338154	0	48	510510
google-oauth2|111908365483101011282	2017-10-01 11:02:43.106926	0	454	510510
google-oauth2|111925236895684653582	2017-10-01 03:15:18.887636	0	449	510510
google-oauth2|111975675172008051259	2017-09-29 03:00:44.598851	0	369	510510
google-oauth2|112050958059944044126	2017-09-28 15:43:28.087432	0	356	510510
google-oauth2|112073867540075016828	2017-09-30 06:15:25.683297	0	422	510510
google-oauth2|112082258333744980347	2017-09-27 17:15:53.417670	100	36	170170
google-oauth2|112143018163623699823	2017-09-28 16:06:58.107929	0	358	510510
google-oauth2|112178826582270519524	2017-09-27 09:45:30.891633	0	273	510510
google-oauth2|112217349260300486660	2017-10-05 01:06:06.131368	0	568	510510
google-oauth2|112220172134555480281	2017-09-25 16:16:09.654476	100	19	170170
google-oauth2|112231050456525524102	2017-09-25 14:23:01.812328	100	12	170170
google-oauth2|112314895979990583898	2017-09-28 13:28:03.093036	0	342	510510
google-oauth2|112351354635604054820	2017-10-04 12:41:57.623414	0	547	510510
google-oauth2|112460781618427730811	2017-09-29 02:08:37.775296	0	367	510510
google-oauth2|112472048529497417686	2017-09-27 15:29:12.419155	0	292	510510
google-oauth2|112570616795301578001	2017-09-26 16:57:34.336892	0	245	510510
google-oauth2|112573615098138349513	2017-09-28 08:00:15.551961	0	332	510510
google-oauth2|112620196025794382197	2017-10-04 15:35:02.455922	0	556	510510
google-oauth2|112639557434699737630	2017-10-02 05:08:06.334566	0	474	510510
google-oauth2|112712029786274349642	2017-09-26 18:04:36.953132	0	252	510510
google-oauth2|112718375775048344192	2017-10-04 09:07:28.895529	0	539	510510
google-oauth2|112757806365131848265	2017-09-28 03:13:13.418214	0	325	510510
google-oauth2|112874035344976088340	2017-09-29 10:38:24.881976	100	39	170170
google-oauth2|112897581354464444334	2017-10-03 13:00:25.669695	0	516	510510
google-oauth2|112923760113215862965	2017-09-25 13:52:31.735807	100	7	170170
google-oauth2|112984761912843648521	2017-10-02 15:55:39.705560	0	493	510510
google-oauth2|113089449694314311344	2017-10-03 14:23:06.166702	0	519	510510
google-oauth2|113110880808968369252	2017-10-03 11:05:23.433929	0	510	510510
google-oauth2|113123280855663534376	2017-09-25 13:56:05.421473	0	68	510510
google-oauth2|113124171683846668436	2017-09-29 05:41:28.288452	0	375	510510
google-oauth2|113161725751118347044	2017-09-27 12:01:55.420734	0	275	510510
google-oauth2|113216336821980539552	2017-09-26 13:52:28.209586	0	223	510510
google-oauth2|113351647384061339470	2017-10-02 14:49:34.723688	0	486	510510
google-oauth2|113434401115554776307	2017-09-25 14:56:28.589052	0	105	510510
google-oauth2|113477949777977888713	2017-10-05 03:17:38.890342	0	569	510510
google-oauth2|113582320543463111123	2017-10-04 05:53:31.620838	0	534	510510
google-oauth2|113588273628450336263	2017-10-04 11:34:46.022132	0	546	510510
google-oauth2|113723160611881719959	2017-09-25 17:15:51.201818	0	155	510510
google-oauth2|113725041336330443653	2017-09-29 05:55:02.829485	0	376	510510
google-oauth2|113812981742999151910	2017-09-25 14:58:02.797304	0	106	510510
google-oauth2|113876414339430417198	2017-10-05 16:28:24.174566	0	581	510510
google-oauth2|113930783497769197151	2017-09-28 14:06:04.567484	0	344	510510
google-oauth2|114030966015091292230	2017-09-28 15:50:15.191296	0	357	510510
google-oauth2|114052754585673127718	2017-09-26 15:03:39.816457	0	234	510510
google-oauth2|114066060314721820089	2017-09-25 15:12:37.422731	0	116	510510
google-oauth2|114122770799934176010	2017-09-30 15:18:48.819567	0	440	510510
google-oauth2|114129409343676579234	2017-10-05 06:15:37.648880	0	573	510510
google-oauth2|114171016035159940479	2017-10-02 15:25:06.687202	0	491	510510
google-oauth2|114174069045820292968	2017-09-26 04:16:29.438211	0	184	510510
google-oauth2|114179979977189921411	2017-09-25 15:15:32.188601	0	118	510510
google-oauth2|114198488962500767161	2017-09-28 02:35:53.441431	0	324	510510
google-oauth2|114204686394455608653	2017-09-25 20:41:39.145089	0	176	510510
google-oauth2|114272465170563065288	2017-09-28 08:34:09.914657	0	333	510510
google-oauth2|114279770343383112792	2017-09-25 16:39:29.031548	0	145	510510
google-oauth2|114368310113882340587	2017-09-25 15:43:02.707591	0	127	510510
google-oauth2|114389064971792560541	2017-09-25 13:36:35.889634	0	57	510510
google-oauth2|114397205281081224770	2017-09-28 12:47:30.119305	0	339	510510
google-oauth2|114404115922199180497	2017-09-27 15:41:17.430998	0	294	510510
google-oauth2|114441485450719270279	2017-09-25 14:00:54.907594	100	8	170170
google-oauth2|114457310376837913515	2017-09-29 12:55:11.651833	0	396	510510
google-oauth2|114503281330969511560	2017-09-29 10:03:03.984104	100	38	170170
google-oauth2|114618471590959979589	2017-09-26 12:12:18.123912	0	210	510510
google-oauth2|114627003848479132429	2017-10-03 09:41:17.357530	0	508	510510
google-oauth2|114635006521011864517	2017-09-28 00:52:36.534108	0	317	510510
google-oauth2|114644778227983654022	2017-09-25 15:06:04.308253	0	112	510510
google-oauth2|114659396690461781993	2017-09-27 14:54:24.048948	0	289	510510
google-oauth2|114704661383440879654	2017-10-01 14:51:58.511422	0	462	510510
google-oauth2|114708236093254680275	2017-09-29 07:57:57.889003	0	384	510510
google-oauth2|114754885227316901725	2017-10-11 11:54:23.222462	0	602	510510
google-oauth2|114755994118483032014	2017-09-27 17:40:43.726561	0	311	510510
google-oauth2|114812643273616014842	2017-09-25 16:56:22.605850	100	22	170170
google-oauth2|114813027285069261104	2017-09-27 14:15:22.386133	0	286	510510
google-oauth2|114816617098711334610	2017-09-29 14:29:45.406466	100	41	170170
google-oauth2|114877833595305511188	2017-09-28 01:08:49.728848	0	318	510510
google-oauth2|114919717289423000596	2017-09-28 14:24:03.652130	0	347	510510
google-oauth2|115007653054157853264	2017-09-25 16:29:12.256526	0	142	510510
google-oauth2|115079653648741136044	2017-09-26 15:02:18.305866	0	233	510510
google-oauth2|115085909658529649751	2017-10-01 12:55:52.690084	0	456	510510
google-oauth2|115101148830181259947	2017-10-04 16:08:27.923120	0	560	510510
google-oauth2|115238447020371115927	2017-09-27 17:43:55.683807	0	312	510510
google-oauth2|115271007663802809877	2017-09-27 14:00:35.943977	100	35	170170
google-oauth2|115378516374691140855	2017-09-26 12:59:55.366896	0	213	510510
google-oauth2|115386129832330909882	2017-09-25 14:35:08.887916	0	91	510510
google-oauth2|115497012159088309196	2017-09-28 06:24:40.561599	0	329	510510
google-oauth2|115509141224278284983	2017-10-03 12:45:55.320467	0	515	510510
google-oauth2|115540839053860382324	2017-10-02 04:24:52.968533	0	473	510510
google-oauth2|115607246119281364782	2017-09-26 15:55:21.135866	0	238	510510
google-oauth2|115632883269080835286	2017-09-29 15:53:50.978161	0	408	510510
google-oauth2|115691146676659418693	2017-09-29 07:22:34.003537	0	381	510510
google-oauth2|115756355511515902020	2017-09-25 19:28:15.134510	0	173	510510
google-oauth2|115851446302450544224	2017-09-27 15:59:10.437210	0	299	510510
google-oauth2|115883032134144522797	2017-09-30 13:50:15.737763	0	434	510510
google-oauth2|115910287821704414531	2017-09-25 15:29:55.570760	0	121	510510
google-oauth2|115923752907818970596	2017-09-25 14:44:33.914270	0	98	510510
google-oauth2|115946872691430584152	2017-09-30 01:50:47.067041	0	414	510510
google-oauth2|115986231720550665357	2017-09-25 17:09:54.259088	0	152	510510
google-oauth2|116025271981399639359	2017-10-04 15:41:25.453884	0	558	510510
google-oauth2|116048271378627083356	2017-09-26 07:58:31.177754	0	196	510510
google-oauth2|116100410756306626930	2017-09-26 11:13:53.396853	0	205	510510
google-oauth2|116109846786190631355	2017-10-16 07:51:53.229272	0	607	510510
google-oauth2|116152650798804839503	2017-09-30 17:59:20.602451	0	447	510510
google-oauth2|116169834855354564583	2017-09-29 15:26:36.513198	0	405	510510
google-oauth2|116263042435947208468	2017-09-25 23:35:40.794535	0	177	510510
google-oauth2|116271296250410455536	2017-09-25 14:02:48.079952	0	76	510510
google-oauth2|116432233675367715112	2017-10-06 06:55:06.071481	0	585	510510
google-oauth2|116460069539081510120	2017-09-25 14:36:41.686196	0	92	510510
google-oauth2|116492613278047830150	2017-09-25 13:31:37.819606	0	55	510510
google-oauth2|116529479190844073932	2017-09-25 14:58:00.623117	100	14	170170
google-oauth2|116547336106713902124	2017-09-26 13:45:30.187079	0	221	510510
google-oauth2|116550974780495230743	2017-09-28 07:52:14.581016	0	331	510510
google-oauth2|116608693501419053516	2017-09-29 03:40:51.653467	0	371	510510
google-oauth2|116644402140206887833	2017-10-04 14:38:08.303692	0	550	510510
google-oauth2|116739592701726269240	2017-09-25 17:04:21.879134	100	24	170170
google-oauth2|116754073232929711080	2017-09-26 04:53:51.005330	0	187	510510
google-oauth2|116811781644792456116	2017-10-05 04:33:26.574880	0	571	510510
google-oauth2|116832486390107611331	2017-09-25 15:37:54.396955	0	126	510510
google-oauth2|116862466363350915338	2017-09-25 13:49:36.467292	0	61	510510
google-oauth2|116908483543210825890	2017-10-04 15:38:32.929883	0	557	510510
google-oauth2|116945412477311558386	2017-09-25 16:03:07.416263	100	17	170170
google-oauth2|116950333111642467515	2017-09-25 16:37:43.288636	0	144	510510
google-oauth2|117163175470481071354	2017-09-25 15:19:08.120157	0	119	510510
google-oauth2|117224541518799260658	2017-09-29 07:16:49.416752	0	380	510510
google-oauth2|117229230966412547403	2017-09-27 01:59:49.220560	0	258	510510
google-oauth2|117236654685943324289	2017-09-27 07:22:41.965487	0	267	510510
google-oauth2|117350029481533331143	2017-10-07 17:52:58.172846	0	594	510510
google-oauth2|117367478280225234230	2017-10-04 14:25:31.897191	0	549	510510
google-oauth2|117391068931370400895	2017-09-27 15:17:47.741418	0	291	510510
google-oauth2|117474711247734016176	2017-09-28 09:48:03.497868	0	335	510510
google-oauth2|117512447210363186480	2017-09-25 13:28:21.607420	0	51	510510
google-oauth2|117552907562528569798	2017-10-03 17:32:36.249035	0	529	510510
google-oauth2|117588839355357061258	2017-09-28 05:17:08.318838	0	326	510510
google-oauth2|117626688807558935691	2017-09-25 15:13:13.361020	0	117	510510
google-oauth2|117682663535964347189	2017-09-25 17:51:06.121295	0	160	510510
google-oauth2|117742992769099749704	2017-10-02 10:16:32.109585	100	45	170170
google-oauth2|117769635660126937869	2017-09-29 10:43:30.353128	0	390	510510
google-oauth2|117917833661851731629	2017-09-25 16:58:06.209401	0	150	510510
google-oauth2|117932088149390283935	2017-09-25 16:11:00.938424	100	18	170170
google-oauth2|117946513963085488546	2017-10-05 07:45:53.941233	0	574	510510
google-oauth2|117988849178727950840	2017-09-29 03:54:34.681326	0	372	510510
google-oauth2|118036751580437075253	2017-09-28 12:20:46.180299	0	337	510510
google-oauth2|118053284721398976495	2017-09-28 01:53:40.895216	0	322	510510
google-oauth2|118058810793572531919	2017-09-30 02:52:54.753049	0	415	510510
google-oauth2|118173614797401437956	2017-09-27 16:25:39.627632	0	306	510510
google-oauth2|118207587035769328897	2017-09-27 12:23:18.031063	0	276	510510
google-oauth2|118233520944352164912	2017-09-26 04:10:11.411922	0	183	510510
google-oauth2|118238705232396623404	2017-10-05 14:18:36.578533	0	580	510510
google-oauth2|118247153448111370151	2017-09-25 13:57:58.197125	0	71	510510
google-oauth2|118278334399415270694	2017-10-04 17:13:24.281092	0	565	510510
google-oauth2|118328812544743938837	2017-10-07 08:18:08.686925	0	593	510510
google-oauth2|118336564772950563707	2017-10-08 03:58:42.905254	0	595	510510
google-oauth2|118388270365538450911	2017-09-26 02:03:52.756639	0	180	510510
