user_id_id	user_level	last_anstime	rank
facebook|10154668972036207	1	2017-09-14 16:34:00.133917	624
facebook|10154700353051035	1	2017-09-15 02:53:07.069875	666
facebook|10154742852921946	31	2017-09-28 16:55:03.904832	15
facebook|10155069129633022	30	2017-09-28 15:23:20.339609	19
facebook|10155605952573190	1	2017-09-25 13:17:30.730851	861
facebook|10155827190126979	2	2017-09-27 13:25:13.263015	541
facebook|10155827300462376	31	2017-09-27 16:02:45.864177	9
facebook|10155877225436414	1	2017-09-16 02:29:07.953040	701
facebook|1017214171754129	11	2017-09-17 16:54:18.984666	133
facebook|10203391319181801	24	2017-09-24 11:37:04.867727	42
facebook|10207636158620369	31	2017-09-27 16:05:27.832328	10
facebook|10207873074823608	1	2017-09-25 09:45:10.357091	859
facebook|10209489612429312	17	2017-09-24 19:49:31.418900	102
facebook|10209947268108181	2	2017-09-20 08:18:42.754826	490
facebook|10210207914782774	1	2017-09-26 16:24:36.508987	914
facebook|10210238785554024	1	2017-09-15 07:00:00.118360	674
facebook|10210389988610481	3	2017-09-14 17:55:33.621456	382
facebook|10210644332407314	2	2017-09-16 15:36:18.021841	459
facebook|10210667290417785	6	2017-09-25 13:29:20.249352	313
facebook|10210686567942761	2	2017-09-20 16:17:47.127709	497
facebook|10210950336534201	1	2017-09-14 16:07:42.439308	613
facebook|10211737333601633	1	2017-09-25 18:58:09.412282	893
facebook|10212001295680804	2	2017-09-16 03:45:03.715820	449
facebook|10212044605009073	1	2017-10-03 01:29:06.252371	1039
facebook|10212130851040082	14	2017-09-21 16:36:17.535688	114
facebook|10212673766626661	8	2017-09-17 13:58:23.141035	196
facebook|10212966380546012	1	2017-09-25 18:50:30.765156	892
facebook|10213576652355727	2	2017-09-14 18:39:22.635683	424
facebook|10214026774052311	10	2017-09-18 14:20:29.556691	163
facebook|10214279253518145	31	2017-09-27 14:52:33.971922	5
facebook|10214425584223150	1	2017-09-14 17:47:05.069792	645
facebook|10214645688677091	8	2017-09-16 13:25:32.585490	185
facebook|10215448598594939	2	2017-09-27 04:28:02.479076	539
facebook|1052201004882887	28	2017-09-27 17:12:38.670036	24
facebook|1064807973621814	2	2017-09-29 13:42:17.696630	552
facebook|1067364066700561	8	2017-09-23 09:49:08.449732	218
facebook|1067706839998752	19	2017-09-21 15:30:50.616217	86
facebook|107064176710056	27	2017-09-27 16:04:08.302983	32
facebook|1071545469646461	1	2017-09-14 16:06:49.496611	612
facebook|1073559692747417	5	2017-09-16 06:08:30.569628	334
facebook|1081269228676112	8	2017-09-22 17:27:17.203481	216
facebook|1083475978422691	1	2017-10-02 16:55:47.725640	1035
facebook|1086214604848181	1	2017-09-15 02:25:57.012648	665
facebook|1093683867435565	8	2017-09-17 17:36:03.254092	202
facebook|1099049840229090	4	2017-09-28 08:03:56.117473	373
facebook|1103386386464139	1	2017-09-16 17:24:48.323339	719
facebook|1113852238744766	8	2017-09-20 15:00:48.764795	211
facebook|1114108388719522	1	2017-09-29 15:51:41.314716	988
facebook|1116068941856370	1	2017-10-04 15:48:03.687955	1081
facebook|1118380081626121	1	2017-09-21 18:06:00.935357	819
facebook|1120106348121234	1	2017-09-17 12:54:24.620470	758
facebook|1124138701052229	1	2017-09-15 08:17:40.239813	679
facebook|1129033480545195	1	2017-09-30 09:08:19.748997	996
facebook|1129739177158115	8	2017-09-20 18:51:04.510345	213
facebook|1136700019763073	2	2017-09-14 14:33:28.412319	412
facebook|1142151732583854	17	2017-09-21 15:14:48.543395	99
facebook|1148691071929756	1	2017-10-02 09:38:12.510368	1022
facebook|1150495761752051	2	2017-09-22 13:26:31.284995	510
facebook|1154645547999029	1	2017-09-14 16:30:27.631292	622
facebook|117516432270061	20	2017-09-23 10:16:54.563037	61
facebook|1182158965261793	31	2017-10-09 07:47:33.883823	17
facebook|1182587755206392	11	2017-09-21 02:01:16.407094	148
facebook|1197676713709133	6	2017-09-25 15:11:59.019662	315
facebook|1210669872373083	1	2017-09-15 15:26:33.175826	690
facebook|1212338765538167	2	2017-09-21 04:39:07.996426	501
facebook|1229862083785689	1	2017-10-04 10:45:16.786449	1071
facebook|1235160169923882	10	2017-09-18 12:45:56.479728	159
facebook|1235433873222997	8	2017-09-17 14:10:51.924868	197
facebook|1238778019561937	1	2017-09-25 15:36:36.268121	881
facebook|124191538308153	2	2017-09-14 15:39:42.920521	416
facebook|1250279085081786	1	2017-09-24 17:48:45.106699	855
facebook|1255327557904684	2	2017-09-20 12:59:21.673905	491
facebook|1267241476738284	24	2017-09-28 06:32:26.964673	52
facebook|1271533216308636	1	2017-09-14 16:16:53.075248	617
facebook|1272479429530639	2	2017-09-19 11:36:11.285852	481
facebook|1274720946007899	1	2017-09-21 03:20:59.509622	809
facebook|1279740778804716	21	2017-09-25 13:50:34.738392	55
facebook|1282821851817470	2	2017-09-21 03:21:18.097215	499
facebook|1282944951834531	2	2017-09-20 15:42:25.471468	496
facebook|1287324938044862	1	2017-09-14 15:33:40.826458	600
facebook|1294596594001736	1	2017-10-03 13:31:10.973239	1051
facebook|129497794347575	2	2017-09-23 07:17:09.523972	517
facebook|1309561742485511	1	2017-09-14 15:49:25.533152	604
facebook|1310234012437445	4	2017-09-26 12:29:58.419079	366
facebook|1310304275747746	1	2017-09-27 16:12:12.740841	937
facebook|1320665854705513	8	2017-09-17 10:39:28.960265	186
facebook|1329012520558649	25	2017-09-27 15:35:20.102124	39
facebook|1332143256884337	10	2017-09-18 13:45:19.905736	162
facebook|1335386873227377	20	2017-09-23 09:00:55.072322	56
facebook|1336335513158625	2	2017-09-19 15:57:01.119707	486
facebook|1341112872678316	7	2017-09-26 10:04:02.308167	246
facebook|134967940467336	2	2017-09-28 14:50:38.874553	548
facebook|1350673361708576	1	2017-10-04 16:48:02.786101	1083
facebook|1351465558284900	6	2017-09-24 16:14:49.076005	311
facebook|135168230552384	1	2017-09-26 08:31:12.963860	903
facebook|1359843517461684	1	2017-09-17 12:05:00.691171	757
facebook|1361868360578100	6	2017-09-17 18:11:24.099351	264
facebook|1367927186639710	2	2017-09-30 11:40:54.714868	558
facebook|1373457776100582	1	2017-09-21 13:14:12.680641	816
facebook|1376705499118720	7	2017-09-22 17:49:33.739213	239
facebook|1377277688992753	6	2017-09-18 05:11:31.825220	267
facebook|1378348615617412	1	2017-09-14 16:45:37.714691	629
facebook|1385341878250322	6	2017-09-24 14:44:24.647188	310
facebook|1393130170804642	19	2017-09-23 13:50:32.929736	91
facebook|1396234863764763	4	2017-09-18 09:12:41.385527	360
facebook|1403039049813408	2	2017-09-16 19:17:10.769750	462
facebook|1404690812962630	9	2017-10-09 16:42:22.515723	184
facebook|1405847886129578	11	2017-09-26 10:45:44.754336	152
facebook|1405971512851099	1	2017-09-28 01:51:28.790615	942
facebook|1406753132775447	20	2017-09-23 09:33:50.479477	58
facebook|1410500982321103	13	2017-09-19 13:38:10.737448	123
facebook|1412275038869333	11	2017-09-20 15:28:54.858790	146
facebook|1413548765409329	9	2017-09-22 17:12:08.889406	180
facebook|1413607452092425	1	2017-09-14 16:49:14.675001	631
facebook|1415469015226721	20	2017-09-24 07:43:17.376143	74
facebook|1416511581803187	1	2017-09-27 15:02:34.115071	930
facebook|1417510825037275	1	2017-10-04 03:25:10.838298	1062
facebook|1418602468256652	1	2017-09-15 07:12:09.610612	675
facebook|1419430424839316	6	2017-09-20 13:45:04.719221	283
facebook|1419616674813236	1	2017-10-05 14:15:15.200872	1099
facebook|1421793947889566	1	2017-09-14 15:00:24.705439	583
facebook|1422715454502895	24	2017-09-26 19:18:31.342076	44
facebook|1423854141001255	2	2017-09-15 07:12:16.056119	432
facebook|1425110150919410	1	2017-09-14 15:56:27.690162	610
facebook|1425485990822049	13	2017-09-27 12:06:31.369361	128
facebook|1426052294175310	1	2017-09-28 17:22:58.470142	963
facebook|1428329293953768	2	2017-09-18 19:33:59.797629	476
facebook|1429188627130747	1	2017-09-14 14:57:48.512405	581
facebook|1429957473766573	1	2017-09-26 11:16:46.315939	904
facebook|1430041297049778	2	2017-09-30 08:14:11.918713	557
facebook|1431009377005887	6	2017-09-17 16:31:55.883550	262
facebook|1432580670143739	20	2017-09-24 03:13:17.349485	70
facebook|1433634870006104	1	2017-09-14 14:39:54.024791	573
facebook|1435086246588507	1	2017-09-14 16:43:40.290939	628
facebook|1436306179799496	20	2017-09-23 17:34:25.344683	67
facebook|1440821772676541	1	2017-09-14 18:05:04.806779	647
facebook|1442787399131830	1	2017-09-23 19:12:44.936502	843
facebook|1443643292388181	9	2017-09-17 17:31:15.746519	177
facebook|1444356958952424	13	2017-09-23 09:34:04.542540	126
facebook|1444482125659637	2	2017-09-24 16:56:29.900560	525
facebook|1445546955498543	1	2017-09-16 12:49:16.955904	711
facebook|1446500162103638	1	2017-09-29 15:00:43.426613	987
facebook|1447270452030083	19	2017-09-22 16:46:37.060431	88
facebook|1449816565108791	13	2017-09-19 11:53:49.538052	119
facebook|1450362098383076	2	2017-09-15 13:15:16.724423	439
facebook|1451026624973178	3	2017-09-14 17:50:54.264356	380
facebook|1452852318138119	1	2017-09-14 15:00:25.119168	584
facebook|1455399791210523	2	2017-09-15 04:41:24.753300	430
facebook|1455609194529906	3	2017-09-15 13:01:42.335533	393
facebook|1456042107844211	1	2017-09-17 06:35:00.529740	737
facebook|1456383484450722	2	2017-09-15 13:53:14.914467	441
facebook|1458360017589024	1	2017-09-27 15:10:29.129321	931
facebook|1458644194171238	5	2017-09-17 15:56:18.450987	344
facebook|1459902644103125	30	2017-10-04 15:20:33.785036	21
facebook|1460404717386004	2	2017-09-14 16:15:46.221166	417
facebook|1460696237342071	1	2017-10-03 11:19:12.962268	1048
facebook|1461057730644006	4	2017-09-15 15:13:03.621569	353
facebook|1461723983911121	5	2017-09-16 09:03:23.446959	337
facebook|1462163237209578	1	2017-09-21 08:06:47.477436	813
facebook|1462640563823138	6	2017-09-17 10:40:22.603209	253
facebook|1463024297096050	3	2017-09-15 20:28:00.124782	397
facebook|1463643737045574	6	2017-09-17 10:17:39.939484	251
facebook|1465808540165049	1	2017-09-20 09:05:59.454635	795
facebook|1465962073496679	17	2017-09-22 17:02:28.966122	101
facebook|1466345950108566	6	2017-09-26 13:34:54.129103	322
facebook|1466408736770854	1	2017-10-07 07:44:23.256847	1104
facebook|1467555746667341	1	2017-09-23 07:26:22.696889	833
facebook|1468015853283709	1	2017-09-16 19:11:13.093439	723
facebook|1468268973264642	20	2017-09-24 04:59:50.420040	71
facebook|1468553889848515	1	2017-09-27 15:53:35.902111	933
facebook|1468850229828349	1	2017-09-16 19:07:06.353409	722
facebook|1473037509456249	1	2017-10-02 17:05:19.027334	1037
facebook|1474054359315012	2	2017-10-01 16:17:58.434699	562
facebook|1477310612382461	1	2017-10-01 17:12:18.360123	1017
facebook|1477626848995455	1	2017-09-22 16:08:29.541972	823
facebook|1478184022258007	2	2017-09-23 20:49:10.591668	522
facebook|1478333085594640	11	2017-09-17 16:52:11.071655	132
facebook|1479863488788562	2	2017-09-25 11:25:04.528732	526
facebook|1480077962041956	1	2017-10-02 15:38:59.659262	1028
facebook|1480277232020436	2	2017-09-19 17:04:33.537119	489
facebook|1480954028636995	1	2017-09-15 07:38:06.988306	676
facebook|1481005425329569	1	2017-09-14 16:08:46.182661	614
facebook|1481334495295492	13	2017-09-21 02:53:57.064922	124
facebook|1481497941947030	24	2017-09-27 13:36:17.686991	50
facebook|1482316978519503	1	2017-10-02 12:11:38.219490	1024
facebook|1482359065178306	1	2017-09-17 07:48:13.791175	742
facebook|1483126451741674	2	2017-09-15 17:35:51.509406	446
facebook|1483748991717450	1	2017-10-05 18:10:23.126380	1100
facebook|1485368788208724	9	2017-09-18 15:13:56.393485	179
facebook|1489916691084190	2	2017-09-15 16:11:19.899503	444
facebook|1491866000905691	1	2017-09-14 15:32:43.785432	599
facebook|1493215380772106	1	2017-09-28 14:14:18.576100	954
facebook|1493784907381023	7	2017-09-20 14:55:59.667751	234
facebook|1495549793838407	2	2017-09-19 17:03:30.495204	488
facebook|1497861260299346	1	2017-09-15 16:10:44.968629	694
facebook|1501039976655713	2	2017-09-23 04:55:15.670815	515
facebook|1501425103271445	11	2017-09-18 14:35:07.883221	135
facebook|1502079169860508	1	2017-09-14 16:19:09.653533	618
facebook|1504009209642289	1	2017-09-28 19:40:46.391205	966
facebook|1505180656231138	6	2017-09-26 01:32:13.568727	318
facebook|1508342115923794	1	2017-10-03 04:10:57.968928	1043
facebook|1508426132571735	2	2017-10-03 04:36:24.899881	565
facebook|1509722985777241	8	2017-09-17 13:56:10.460194	195
facebook|1513702402028382	1	2017-09-17 05:32:40.548395	731
facebook|1518699748213395	13	2017-09-18 19:46:54.209052	117
facebook|1522457121195850	6	2017-09-25 14:18:56.685610	314
facebook|1527188787369227	1	2017-09-27 05:20:50.410434	923
facebook|1527999753959703	1	2017-09-14 14:52:00.527568	580
facebook|1529401550453925	20	2017-09-24 13:08:12.859065	79
facebook|1529453640455343	9	2017-09-17 08:38:33.009268	175
facebook|1530647767018676	1	2017-09-16 09:21:09.257834	703
facebook|1532867400104025	5	2017-09-17 18:39:49.602992	346
facebook|1533402436735543	31	2017-09-27 14:45:23.088770	2
facebook|1534107276684681	1	2017-09-14 15:23:42.708394	596
facebook|1537271999626662	2	2017-09-18 16:58:44.169324	475
facebook|1538703709525670	2	2017-09-23 08:40:42.948176	518
facebook|1539367166124048	1	2017-09-14 15:54:02.432011	608
facebook|1540917375976721	1	2017-09-14 15:45:33.721039	603
facebook|1541943769217881	1	2017-09-17 15:16:51.095188	768
facebook|1543281439062983	11	2017-09-21 14:31:16.427853	149
facebook|1544899728903809	2	2017-09-18 22:22:31.937383	477
facebook|1545014618875129	1	2017-09-14 17:44:40.924657	644
facebook|1546185595402124	20	2017-09-23 18:04:55.261691	69
facebook|1548244025236084	3	2017-09-19 15:23:44.736394	403
facebook|1548616251847930	1	2017-09-14 18:35:08.702123	653
facebook|1548710078518465	10	2017-09-18 10:46:12.196006	155
facebook|1548896765132085	3	2017-09-16 16:10:16.053726	399
facebook|1548954351839147	21	2017-09-24 11:58:55.436562	54
facebook|1550673048331554	1	2017-09-24 15:47:56.927793	853
facebook|1551403104951594	3	2017-09-20 18:36:27.623530	404
facebook|1561144093908466	1	2017-09-16 11:19:35.009726	708
facebook|1562351547157117	1	2017-09-29 09:57:41.586158	980
facebook|1563002837100699	8	2017-09-28 12:53:53.689178	223
facebook|1563717850354050	1	2017-09-25 14:46:00.795670	875
facebook|1564077183649214	2	2017-09-15 16:48:13.505925	445
facebook|1565246400185363	1	2017-09-20 16:52:25.229219	804
facebook|1567145846685502	8	2017-09-20 03:44:43.464048	209
facebook|1568097199921067	1	2017-10-08 09:31:26.898368	1108
facebook|1568550626573083	1	2017-09-23 17:43:30.793743	842
facebook|1576761909049126	6	2017-09-25 08:37:51.473382	312
facebook|1577317565623352	2	2017-09-15 19:12:30.695749	447
facebook|1579585965437994	2	2017-09-15 06:37:01.141654	431
facebook|1579738102090190	11	2017-09-16 20:21:00.880191	131
facebook|1587578551300057	1	2017-09-25 18:29:24.407712	891
facebook|1592560884139799	17	2017-09-21 08:15:36.337446	96
facebook|1594362663954603	11	2017-09-19 14:20:45.222308	140
facebook|1598205250232098	31	2017-09-27 14:47:36.712431	4
facebook|1599640160098409	6	2017-09-18 04:01:55.610746	265
facebook|1601454113227436	8	2017-09-17 12:20:15.106376	190
facebook|1604874336229361	31	2017-09-28 03:25:46.435021	13
facebook|1605040429518286	2	2017-09-17 03:07:46.893808	463
facebook|1605504222839766	1	2017-09-28 17:00:13.548964	961
facebook|1606499092746674	2	2017-09-29 19:31:37.953466	555
facebook|1609517962440837	24	2017-09-26 17:12:24.194893	43
facebook|1611501805578714	5	2017-09-17 18:08:23.901069	345
facebook|1614637508595619	6	2017-09-21 17:20:34.392985	294
facebook|1619976258053579	5	2017-09-16 14:48:44.652924	341
facebook|1621394614601718	1	2017-09-19 17:00:30.745672	791
facebook|1627510087279749	8	2017-09-17 13:38:05.645264	193
facebook|1631953453515621	1	2017-09-14 16:33:21.304568	623
facebook|1635478919830819	6	2017-09-22 16:27:36.678926	300
facebook|1637343002983868	10	2017-09-28 16:57:20.593028	174
facebook|1643965895677499	6	2017-09-27 14:38:54.075916	325
facebook|1645801335484067	6	2017-09-17 16:05:25.974931	259
facebook|1646251368742697	31	2017-09-28 12:28:07.456749	14
facebook|1646618858689875	5	2017-09-16 13:39:28.804540	340
facebook|1646985972000757	2	2017-09-15 14:46:20.931400	443
facebook|1647086645342434	3	2017-09-15 01:49:09.239763	385
facebook|1647915255280192	11	2017-09-20 05:53:33.208031	143
facebook|1648245675199330	6	2017-09-20 18:34:38.724892	289
facebook|1655797931129374	1	2017-09-14 15:42:44.311746	602
facebook|1656180407788649	4	2017-09-16 09:56:05.069214	355
facebook|1656949587683685	3	2017-09-25 12:47:41.834014	408
facebook|1658837327522522	1	2017-09-26 07:09:45.197255	902
facebook|165890947321713	1	2017-09-20 13:28:46.804549	796
facebook|1659597974070984	1	2017-09-26 05:09:51.444923	899
facebook|1663970730315006	1	2017-09-14 18:21:13.904840	650
facebook|1664134993619996	1	2017-09-18 11:52:37.362140	773
facebook|166489320573110	28	2017-09-28 15:49:14.167277	29
facebook|1665007820217677	1	2017-09-23 03:22:53.228961	831
facebook|1669833826423130	27	2017-09-27 16:22:42.182444	34
facebook|1671504922891822	5	2017-09-16 09:19:46.175286	338
facebook|1672863369404509	6	2017-09-19 08:28:33.445668	273
facebook|1675813432438392	24	2017-09-27 10:41:23.002509	49
facebook|1676754782420830	7	2017-09-26 14:54:37.330490	247
facebook|1676866899053860	1	2017-09-21 05:28:36.588076	811
facebook|1682117315192746	15	2017-09-21 05:06:17.269269	106
facebook|1682907445053761	1	2017-09-14 17:20:36.790181	638
facebook|1684725314901904	5	2017-09-16 22:12:40.181473	343
facebook|1687864074588264	2	2017-09-16 06:23:52.826732	452
facebook|1688627557875375	1	2017-10-03 16:42:04.112327	1059
facebook|1690335271039958	1	2017-09-25 13:56:00.686650	867
facebook|1695969530436523	1	2017-09-17 09:00:48.703023	744
facebook|1701449929867365	1	2017-09-21 15:21:07.726598	817
facebook|1703941383014585	1	2017-10-01 12:11:30.036240	1009
facebook|1710821012293267	1	2017-09-30 11:23:45.510081	997
facebook|1719931058302986	1	2017-10-04 15:09:37.089222	1077
facebook|1724345377609928	2	2017-09-21 14:38:36.291792	505
facebook|1728580813821414	6	2017-09-18 14:28:56.977760	271
facebook|1729115400718089	7	2017-09-22 16:58:34.627707	238
facebook|1731607780215277	1	2017-10-02 17:00:44.188586	1036
facebook|1739064552819336	1	2017-10-05 11:29:33.641790	1095
facebook|1744737305538436	1	2017-10-01 14:49:44.402774	1011
facebook|1757046774337836	1	2017-09-23 15:16:17.903126	836
facebook|1768501013455049	1	2017-10-04 18:44:53.453246	1085
facebook|1774987665849262	3	2017-09-16 16:58:00.596618	400
facebook|1778292088877690	8	2017-09-28 00:01:24.653667	222
facebook|1781499108546816	17	2017-09-21 08:17:43.662577	97
facebook|1796501910392204	24	2017-09-27 07:00:56.225010	47
facebook|1802255179802594	1	2017-10-05 04:47:18.795982	1090
facebook|1804815382880354	1	2017-09-25 19:03:55.017241	894
facebook|1805382502809970	3	2017-09-15 13:09:11.585361	394
facebook|1806012366357554	1	2017-09-22 16:43:56.020544	824
facebook|1807253429304856	1	2017-10-06 17:32:01.831363	1103
facebook|1825526464128680	1	2017-09-14 15:47:41.500510	604
facebook|1829989497029485	19	2017-09-21 15:48:00.094252	87
facebook|1832385130112513	3	2017-09-23 13:42:13.052288	407
facebook|1843650012331712	3	2017-09-14 17:20:41.407336	379
facebook|1843845848977954	1	2017-09-14 15:31:03.598062	598
facebook|1849792075034469	1	2017-10-02 09:31:28.540488	1021
facebook|1851318811563223	2	2017-09-15 07:56:19.225032	434
facebook|1858332340859902	1	2017-09-27 16:22:53.946476	938
facebook|1864594560223199	31	2017-09-27 15:27:29.550529	6
facebook|1873757325985534	1	2017-09-15 13:48:03.883739	685
facebook|1875400232470212	7	2017-09-17 16:01:43.655868	225
facebook|1880333738646964	2	2017-09-16 04:47:44.969198	451
facebook|1880863635509018	8	2017-09-17 18:03:34.555326	203
facebook|1888785864782410	2	2017-09-23 12:18:44.014156	521
facebook|1901065306883529	1	2017-09-15 14:44:13.166055	688
facebook|1907374029589774	8	2017-09-17 18:54:49.836215	204
facebook|1908985626017955	10	2017-09-18 12:46:47.678587	161
facebook|1909439882709301	1	2017-09-18 12:51:18.064280	774
facebook|1921965331375867	11	2017-09-18 14:18:36.440391	134
facebook|1925274830832590	8	2017-09-17 15:25:36.935085	199
facebook|1933760613503224	2	2017-09-16 04:39:42.658278	450
facebook|1937898669560643	2	2017-09-25 14:00:29.023541	528
facebook|1939338482998269	6	2017-09-20 14:07:31.525787	284
facebook|1943465009310223	1	2017-09-16 13:56:38.299695	716
facebook|1946812582233770	1	2017-10-04 10:46:05.626308	1072
facebook|1947704685474411	6	2017-09-18 10:40:00.668001	270
facebook|1949135345329744	7	2017-09-18 16:57:42.971119	228
facebook|1949401701985229	15	2017-09-25 14:53:06.429258	112
facebook|1954542968126941	7	2017-09-20 14:53:22.160336	233
facebook|1958327340850530	3	2017-09-14 16:21:04.617052	376
facebook|1960284990895533	11	2017-09-19 15:03:13.693759	142
facebook|1961391070743537	1	2017-09-17 05:57:03.562791	733
facebook|1967771366804293	20	2017-09-27 18:46:56.946457	84
facebook|1970877116567436	8	2017-09-17 15:59:53.780313	201
facebook|1971420633106448	20	2017-09-23 09:48:30.020708	59
facebook|1971537616459372	1	2017-09-30 14:04:09.009298	1001
facebook|1974586952755961	6	2017-09-18 16:55:26.921622	272
facebook|1975793455995002	1	2017-09-27 06:43:07.572198	925
facebook|1983756911836725	15	2017-09-23 13:44:31.819847	108
facebook|1984709251814216	2	2017-09-25 18:24:18.691590	533
facebook|1992909620994811	6	2017-09-26 09:57:17.613936	320
facebook|199842500554664	6	2017-09-19 11:51:01.492814	275
facebook|2007380249540037	1	2017-09-14 18:54:07.337647	659
facebook|2009793989304781	6	2017-09-17 16:25:45.971374	260
facebook|2016228511969229	1	2017-09-30 17:36:00.823104	1003
facebook|2036172756615903	3	2017-09-15 09:05:28.576846	390
facebook|2040197519535523	1	2017-09-17 05:40:10.230672	732
facebook|2042362205994851	1	2017-09-14 15:21:20.871410	594
facebook|2069367973088868	1	2017-10-03 03:50:47.066304	1042
facebook|2076893435669921	31	2017-09-27 15:39:19.755058	8
facebook|209502486255438	1	2017-09-17 15:01:08.226404	767
facebook|2095992033968691	1	2017-09-16 19:24:58.289905	725
facebook|2134905693202370	1	2017-09-14 14:46:49.168370	575
facebook|2174720009421269	1	2017-09-14 16:29:43.177544	619
facebook|2183087238584697	20	2017-09-23 09:22:10.847457	57
facebook|2200382643521604	1	2017-09-23 03:12:45.106442	829
facebook|235491326975339	3	2017-09-17 07:13:20.289684	403
facebook|2359164974307936	2	2017-09-16 13:45:25.600961	457
facebook|237883116737357	1	2017-09-17 06:35:17.088798	738
facebook|2415816525311097	5	2017-09-26 05:06:22.692905	348
facebook|260511471135973	10	2017-09-18 14:52:08.632629	165
facebook|320895965048881	18	2017-09-22 00:01:50.621230	92
facebook|333969507027476	2	2017-09-24 13:44:38.112840	524
facebook|338728349888666	1	2017-09-28 18:13:49.577651	965
facebook|3397797061422	31	2017-09-27 14:45:51.217134	3
facebook|355590014865115	1	2017-09-17 09:36:46.065360	748
facebook|386498998435582	6	2017-09-23 15:35:52.529650	304
facebook|388312598238230	1	2017-09-14 18:38:41.134233	655
facebook|475287522845383	8	2017-09-17 12:19:59.517510	189
facebook|486745105015511	20	2017-09-23 10:41:41.786676	63
facebook|512075179126122	1	2017-09-15 12:55:53.864998	682
facebook|513475185655088	1	2017-09-29 04:23:10.848339	969
facebook|516560992030324	1	2017-09-14 18:21:27.455300	650
facebook|684636948398642	2	2017-09-15 14:11:06.506574	442
facebook|687533608108900	1	2017-09-21 08:07:25.007563	814
facebook|694694240735318	5	2017-10-07 07:57:43.553027	349
facebook|696414820554288	1	2017-09-14 16:38:08.350524	625
facebook|701270510058959	11	2017-09-20 16:23:25.081310	147
facebook|707138046148313	2	2017-09-23 04:31:18.787317	514
facebook|708348092706905	1	2017-09-17 06:40:19.295512	738
facebook|716799288509103	28	2017-09-28 12:25:21.518539	27
facebook|723507017847665	1	2017-10-02 12:31:38.850152	1025
facebook|729299750598623	8	2017-09-27 17:08:52.601437	221
facebook|752668158274475	6	2017-09-21 03:51:39.324033	291
facebook|765035833704966	1	2017-09-14 17:20:54.925951	638
facebook|769498839925074	1	2017-09-17 15:59:49.169431	770
facebook|775877592603935	1	2017-09-18 16:25:03.408212	777
facebook|781038198747582	15	2017-09-23 17:34:55.865195	109
facebook|792324424262116	1	2017-09-20 14:16:29.161629	800
facebook|817818815034406	1	2017-09-19 17:35:14.007034	793
facebook|821055151402776	1	2017-09-14 18:58:23.528985	659
facebook|826828387491036	1	2017-09-17 10:11:31.871634	751
facebook|841578662672848	15	2017-09-25 13:17:25.611790	110
facebook|849104855258016	20	2017-09-27 19:15:46.142810	85
facebook|849904195184943	1	2017-09-14 15:03:57.774941	584
facebook|863827400459231	2	2017-09-16 10:36:45.709233	455
facebook|864046223766453	2	2017-09-25 18:25:00.166070	534
facebook|878160662335013	20	2017-09-23 17:58:43.207738	68
facebook|879258235571681	1	2017-09-26 15:54:19.467662	911
facebook|885349794948055	31	2017-09-27 14:43:43.438400	1
facebook|885547658290608	1	2017-09-23 03:16:36.342034	830
facebook|896670800484569	2	2017-09-17 07:49:40.699270	466
facebook|903622986455762	1	2017-09-19 10:43:20.621383	783
facebook|926670640819962	10	2017-09-18 16:28:02.833216	167
facebook|940739542730736	30	2017-09-27 19:06:32.819760	18
facebook|956903537785575	17	2017-09-21 08:25:40.859979	98
google-oauth2|100006126568690042751	1	2017-10-12 14:29:01.548416	1111
google-oauth2|100119629184116855529	7	2017-09-18 10:46:31.507990	226
google-oauth2|100121644509698684467	8	2017-09-16 13:35:11.156466	185
google-oauth2|100128301346574677092	2	2017-09-30 11:46:07.442193	559
google-oauth2|100152048910525238074	4	2017-09-28 05:07:48.010010	372
google-oauth2|100156714717490503064	1	2017-09-15 08:21:59.357128	679
google-oauth2|100163571671553846817	8	2017-09-17 12:20:24.475013	191
google-oauth2|100181068572034509657	15	2017-09-25 16:50:17.577736	113
google-oauth2|100239683775183990800	1	2017-10-03 16:31:24.332392	1057
google-oauth2|100262867850128977614	6	2017-09-25 16:02:55.418710	316
google-oauth2|100268834017484013987	1	2017-09-29 14:24:07.721642	985
google-oauth2|100312928575012635641	2	2017-09-25 15:31:47.327094	531
google-oauth2|100331807212541849655	1	2017-09-18 05:11:00.285401	771
google-oauth2|100363231304069321717	1	2017-09-23 07:11:06.290750	832
google-oauth2|100364960222243422041	1	2017-09-14 15:06:08.597855	586
google-oauth2|100414402088492124609	1	2017-09-29 05:09:55.324469	970
google-oauth2|100487910902307622450	1	2017-09-15 13:08:54.375804	683
google-oauth2|100498228715391968716	2	2017-09-26 11:58:30.925938	536
google-oauth2|100505569040089679341	1	2017-09-25 14:06:56.451709	869
google-oauth2|100527543439256043453	1	2017-09-14 15:20:37.775046	591
google-oauth2|100575296082696314811	1	2017-09-29 09:14:06.420050	979
google-oauth2|100596348025284365436	2	2017-09-22 15:47:25.065680	512
google-oauth2|100630984346921934646	1	2017-09-14 17:32:21.532450	641
google-oauth2|100643785412032590191	15	2017-09-22 14:35:12.049905	107
google-oauth2|100699356183656841344	1	2017-10-01 06:29:46.544009	1007
google-oauth2|100723626965423610860	1	2017-10-02 14:15:30.554435	1026
google-oauth2|100740375579436565192	1	2017-10-02 16:35:00.610388	1034
google-oauth2|100756196850359535967	1	2017-09-19 08:51:12.552922	781
google-oauth2|100787387370152782670	1	2017-09-16 19:06:21.988990	720
google-oauth2|100815956293095483528	13	2017-09-19 12:33:45.938502	120
google-oauth2|100917892957750320314	1	2017-09-17 06:22:11.402074	735
google-oauth2|100936508683229697756	1	2017-09-22 17:30:27.286956	827
google-oauth2|100946121612088809193	2	2017-09-27 14:09:09.378836	542
google-oauth2|100948016770455021326	6	2017-09-24 04:18:09.188818	308
google-oauth2|100949464690100818032	1	2017-10-03 16:57:53.641279	1060
google-oauth2|100956977333542450805	1	2017-09-27 01:36:16.434392	921
google-oauth2|100960953035086659381	7	2017-09-23 14:23:22.052819	241
google-oauth2|101014319218563180744	2	2017-09-22 05:56:20.534419	508
google-oauth2|101018593116865978034	1	2017-09-26 17:46:29.937618	920
google-oauth2|101036326244341620522	3	2017-09-15 08:45:39.920274	388
google-oauth2|101043580377730629775	1	2017-10-01 12:20:06.966037	1010
google-oauth2|101046658885035294496	20	2017-09-26 15:23:19.205214	82
google-oauth2|101068113982775271216	1	2017-09-14 14:47:11.049470	576
google-oauth2|101102103957835020737	1	2017-09-15 04:10:43.825499	670
google-oauth2|101104495923772847088	1	2017-09-22 14:50:42.505071	822
google-oauth2|101125248315465473628	1	2017-09-28 17:32:09.223288	964
google-oauth2|101160478989571646019	3	2017-09-29 06:35:10.261821	411
google-oauth2|101191965377338256990	1	2017-09-16 09:59:58.804118	703
google-oauth2|101254411904826274874	2	2017-09-26 14:17:28.666825	538
google-oauth2|101278796230868060457	2	2017-09-19 14:34:26.509429	483
google-oauth2|101329930999439305884	1	2017-09-17 14:28:39.477355	764
google-oauth2|101330973950756165131	1	2017-10-03 11:03:57.860754	1046
google-oauth2|101405890380570530744	6	2017-09-22 14:19:22.122696	298
google-oauth2|101454926501292212144	1	2017-09-14 17:33:11.059962	642
google-oauth2|101475959361486586801	24	2017-09-26 21:28:53.033460	46
google-oauth2|101527361788876000470	1	2017-09-14 15:54:03.571577	608
google-oauth2|101550218085118129692	1	2017-09-17 09:56:48.909450	748
google-oauth2|101552171827996516352	13	2017-09-19 12:36:00.631999	121
google-oauth2|101590492636416357105	1	2017-10-05 04:25:15.872191	1088
google-oauth2|101630270168331086400	1	2017-09-27 13:38:46.809071	928
google-oauth2|101695501108449437114	1	2017-09-14 17:05:46.089246	633
google-oauth2|101701129531586255623	20	2017-09-24 08:47:39.635696	77
google-oauth2|101708543269077356683	11	2017-09-26 11:15:14.981068	153
google-oauth2|101710850843014951728	1	2017-09-20 14:53:37.749060	802
google-oauth2|101720937746956250031	1	2017-09-15 22:20:33.530985	699
google-oauth2|101723450417726704938	1	2017-09-28 10:51:34.952109	949
google-oauth2|101740084377186306172	2	2017-09-15 01:41:59.943630	429
google-oauth2|101790562838033843280	27	2017-09-27 17:25:15.021731	35
google-oauth2|101793399697134602859	2	2017-09-29 15:27:22.183848	553
google-oauth2|101796313083407389820	20	2017-09-23 09:57:23.280456	60
google-oauth2|101817614334683604611	2	2017-09-16 18:07:51.271551	460
google-oauth2|101826439026089983122	27	2017-09-27 15:56:22.079175	31
google-oauth2|101834675662000817499	1	2017-09-16 11:19:45.500153	708
google-oauth2|101895023920079638001	11	2017-09-20 13:45:22.305961	145
google-oauth2|101903914110029464747	1	2017-10-04 15:20:35.084869	1078
google-oauth2|101916989419592579152	6	2017-09-22 14:01:09.423889	296
google-oauth2|101925422089430903794	1	2017-09-17 15:50:42.261824	769
google-oauth2|101997385735813762343	4	2017-09-15 16:07:04.792813	354
google-oauth2|102019766775390085933	1	2017-09-27 15:54:32.091428	934
google-oauth2|102030851361726897029	1	2017-09-25 19:13:45.533620	895
google-oauth2|102092772843693491576	12	2017-09-20 11:35:53.191249	130
google-oauth2|102145913954509298098	1	2017-09-20 17:49:20.701024	808
google-oauth2|102158299495628499923	2	2017-09-18 10:43:58.996884	473
google-oauth2|102185326330089177566	27	2017-09-28 03:03:55.097638	36
google-oauth2|102227355571837022182	3	2017-09-14 18:59:49.039513	383
google-oauth2|102229974957964949459	28	2017-09-28 04:11:49.950669	25
google-oauth2|102240491818080628345	10	2017-09-23 10:14:12.729240	171
google-oauth2|102240591528400318792	1	2017-09-23 16:22:43.148583	839
google-oauth2|102289408646878031996	1	2017-09-14 16:59:31.498882	632
google-oauth2|102325413438541930084	2	2017-09-23 10:21:05.645057	520
google-oauth2|102331426082604001060	13	2017-09-19 11:49:23.686470	118
google-oauth2|102349120364960295739	1	2017-09-29 16:09:35.277809	989
google-oauth2|102426273204977197696	1	2017-09-26 17:15:18.194932	918
google-oauth2|102445564302165094983	1	2017-10-09 10:05:24.869963	1110
google-oauth2|102451005738106885740	1	2017-09-20 14:59:30.309421	803
google-oauth2|102453230166332543147	1	2017-10-09 06:15:48.066170	1109
google-oauth2|102456313105581417812	10	2017-09-18 11:23:04.621582	157
google-oauth2|102522014416786057992	11	2017-09-27 17:59:45.566636	154
google-oauth2|102533114798586928597	4	2017-09-17 10:36:36.879938	356
google-oauth2|102537126810206403401	1	2017-10-05 12:00:45.512502	1097
google-oauth2|102594975092075832411	1	2017-09-24 05:31:47.879018	845
google-oauth2|102600273994185899318	3	2017-09-15 09:55:47.565743	392
google-oauth2|102615835203938501398	1	2017-09-15 04:03:30.780267	669
google-oauth2|102717319377335401946	7	2017-09-19 04:48:28.399013	229
google-oauth2|102720555151343716517	1	2017-10-01 16:16:50.918280	1016
google-oauth2|102811638274132186632	2	2017-09-26 13:25:38.166329	537
google-oauth2|102901501402905561793	18	2017-09-23 11:20:02.952001	94
google-oauth2|102913643595483244791	1	2017-09-19 13:56:06.822789	785
google-oauth2|102913768422295139178	1	2017-09-16 17:30:32.510743	719
google-oauth2|102917982184874905771	6	2017-09-17 15:27:02.995361	258
google-oauth2|102927665475878168212	1	2017-09-17 06:46:08.974439	739
google-oauth2|102952266208829118140	1	2017-09-14 18:06:26.853083	647
google-oauth2|102963943779502495843	6	2017-09-21 17:04:03.012368	293
google-oauth2|102985853941956486978	4	2017-09-25 17:11:21.179801	365
google-oauth2|103039438003845470911	2	2017-09-28 13:58:15.897140	546
google-oauth2|103171463414276460871	1	2017-09-14 19:52:18.594229	663
google-oauth2|103171521114217737622	1	2017-09-15 03:56:26.818914	667
google-oauth2|103181756456583409967	1	2017-09-14 16:10:09.709533	615
google-oauth2|103209539047869804300	1	2017-09-17 10:36:52.403989	752
google-oauth2|103234640091522425783	1	2017-10-02 16:17:05.999048	1032
google-oauth2|103281316363806100093	2	2017-09-18 01:51:45.383718	471
google-oauth2|103283330859623942320	1	2017-10-08 04:02:17.606829	1107
google-oauth2|103285479905885092772	2	2017-09-19 03:35:21.966827	478
google-oauth2|103287303596012557060	7	2017-09-22 15:18:07.881664	237
google-oauth2|103295552693001475495	1	2017-09-25 17:22:47.642147	890
google-oauth2|103296477322137948754	2	2017-10-13 05:51:36.553539	572
google-oauth2|103344350366437700079	1	2017-09-30 22:19:51.391345	1005
google-oauth2|103355571522758207615	1	2017-09-30 13:17:47.274692	999
google-oauth2|103378587332692454232	2	2017-09-24 07:39:03.052743	523
google-oauth2|103404948625195551069	1	2017-10-04 06:49:25.687223	1066
google-oauth2|103428889732623767664	1	2017-09-14 15:20:38.241029	592
google-oauth2|103560329329292347382	1	2017-09-20 17:41:11.261590	807
google-oauth2|103618299922079690395	2	2017-09-19 08:01:37.865255	480
google-oauth2|103648916494776076120	1	2017-10-02 16:19:13.880418	1033
google-oauth2|103678568562840352177	1	2017-10-02 15:23:15.246791	1027
google-oauth2|103679146327972366202	1	2017-09-14 15:22:46.151208	594
google-oauth2|103694751907831078133	2	2017-09-20 14:23:32.841644	493
google-oauth2|103738538381401872058	2	2017-09-15 07:48:02.859942	433
google-oauth2|103747507639244318200	1	2017-09-26 16:39:33.271714	916
google-oauth2|103794995829151858896	2	2017-09-19 07:03:42.300335	479
google-oauth2|103798826988766611168	9	2017-09-23 15:31:06.357087	181
google-oauth2|103802042562202971126	1	2017-09-15 04:36:43.508309	671
google-oauth2|103804417249001107426	1	2017-09-27 17:47:58.996317	940
google-oauth2|103826716834744405988	1	2017-09-15 15:58:46.734739	692
google-oauth2|103844698887614160944	18	2017-09-22 07:35:14.698732	93
google-oauth2|103851824261246288536	2	2017-09-25 13:13:47.001448	527
google-oauth2|103871678622543562133	28	2017-09-28 13:41:42.596761	28
google-oauth2|103887656310516014591	25	2017-09-27 15:44:35.171461	40
google-oauth2|103888689048747607523	1	2017-09-29 12:47:26.510793	984
google-oauth2|103933968812310848599	6	2017-09-19 17:13:13.460750	280
google-oauth2|103939889702049862633	1	2017-10-03 16:11:50.861929	1054
google-oauth2|103987770506166676296	1	2017-09-22 17:17:22.466001	826
google-oauth2|103991579900498238294	1	2017-10-02 07:40:43.125835	1020
google-oauth2|104000396204318059807	3	2017-09-15 04:06:57.090547	386
google-oauth2|104005417404030219195	1	2017-09-19 17:31:58.999430	792
google-oauth2|104030985098910805364	1	2017-09-14 14:41:23.977537	573
google-oauth2|104031260818538231137	1	2017-09-15 10:32:08.998836	681
google-oauth2|104039997662477204809	1	2017-09-15 15:55:18.116051	691
google-oauth2|104077064963037937685	15	2017-09-25 13:17:50.941863	111
google-oauth2|104095724434036834327	1	2017-09-28 14:36:58.091842	956
google-oauth2|104096626187807460795	30	2017-09-28 16:19:36.230493	20
google-oauth2|104115589908352335032	2	2017-09-14 17:41:04.775217	423
google-oauth2|104153792058097672539	6	2017-09-27 15:21:18.155447	326
google-oauth2|104189248439370125398	31	2017-10-01 18:39:29.349868	16
google-oauth2|104197169636840141396	1	2017-09-24 09:54:21.001367	849
google-oauth2|104244217766185678184	1	2017-09-14 14:49:52.394450	578
google-oauth2|104249744094142988562	4	2017-09-26 16:37:27.241736	367
google-oauth2|104253455608646029701	27	2017-09-27 14:00:25.089767	30
google-oauth2|104307654099705452554	2	2017-09-17 17:08:06.478994	470
google-oauth2|104352610479393679707	6	2017-09-26 18:10:22.026355	323
google-oauth2|104364040303778038781	7	2017-09-19 17:28:42.363857	232
google-oauth2|104377983843726626947	2	2017-09-17 09:16:15.176858	468
google-oauth2|104397380303286296560	1	2017-09-26 13:35:12.041053	908
google-oauth2|104446644997707161662	6	2017-09-20 17:26:01.984337	286
google-oauth2|104446830350319430516	1	2017-09-26 13:36:20.842518	909
google-oauth2|104452075418438704481	1	2017-09-18 14:00:15.870118	775
google-oauth2|104487277064111137587	1	2017-09-14 16:29:55.828305	619
google-oauth2|104488763232432113070	1	2017-09-24 14:50:54.385014	852
google-oauth2|104510012482887698624	1	2017-09-15 19:14:30.993210	696
google-oauth2|104519362952560832417	11	2017-09-19 14:15:24.779916	139
google-oauth2|104565130652998975947	2	2017-09-23 07:09:11.083263	516
google-oauth2|104590962110585674256	26	2017-10-03 12:51:03.892541	38
google-oauth2|104624584893173281908	2	2017-09-22 13:21:48.731917	509
google-oauth2|104633733742654954529	1	2017-10-05 12:23:40.915147	1098
google-oauth2|104644697420774252487	1	2017-10-03 03:09:57.677893	1041
google-oauth2|104667914678534750654	1	2017-09-16 13:03:59.461939	712
google-oauth2|104743966463070027745	6	2017-09-19 15:04:05.231267	277
google-oauth2|104765526406667684630	17	2017-09-21 15:15:59.956103	100
google-oauth2|104790609872384986418	2	2017-10-03 13:59:18.335691	566
google-oauth2|104815287217149157344	6	2017-09-23 08:27:12.375464	303
google-oauth2|104826399908260292139	1	2017-09-23 02:51:55.497878	828
google-oauth2|104848680324012823074	6	2017-09-19 17:11:46.956080	279
google-oauth2|104853373412645233793	4	2017-09-19 14:12:35.982748	361
google-oauth2|104859331460732087772	4	2017-09-27 10:35:51.785513	369
google-oauth2|104914034975222965181	6	2017-09-17 14:22:42.835412	257
google-oauth2|104933316228419035642	1	2017-09-14 16:47:26.145238	629
google-oauth2|104942313618520008307	1	2017-09-24 14:14:23.709626	851
google-oauth2|105013852029354136145	1	2017-09-15 10:15:22.015319	680
google-oauth2|105052198884132098806	6	2017-09-19 12:50:48.309170	276
google-oauth2|105072674425973947736	1	2017-09-30 06:08:48.543918	994
google-oauth2|105127348814674326302	8	2017-09-22 17:59:51.835246	217
google-oauth2|105183217959191151505	1	2017-10-05 10:25:44.705571	1093
google-oauth2|105194958260975188678	1	2017-09-17 05:27:04.861020	729
google-oauth2|105207488289295330502	1	2017-09-24 07:01:57.333440	847
google-oauth2|105209538449257255869	1	2017-09-25 15:08:58.877626	879
google-oauth2|105222253684249672255	1	2017-09-15 15:49:42.508530	690
google-oauth2|105286880817567996529	1	2017-09-17 05:25:53.587630	728
google-oauth2|105300540442188085976	1	2017-09-17 06:16:13.773218	734
google-oauth2|105315110772975643386	20	2017-09-23 14:08:15.785331	66
google-oauth2|105320485971106344657	1	2017-10-04 06:05:29.196076	1065
google-oauth2|105328902266196958702	2	2017-09-15 08:24:59.564687	435
google-oauth2|105373098918796684207	1	2017-09-17 09:33:08.033212	746
google-oauth2|105382070445651165744	2	2017-09-17 10:06:52.668165	469
google-oauth2|105419552955006734993	1	2017-09-17 09:19:38.043809	745
google-oauth2|105421984384008839714	22	2017-09-27 17:49:44.893272	53
google-oauth2|105473829265242955070	1	2017-09-27 15:54:46.805233	935
google-oauth2|105479297370308520383	6	2017-09-20 06:29:04.769456	281
google-oauth2|105481140960598716774	1	2017-09-17 09:59:54.426924	749
google-oauth2|105527828994165903773	2	2017-09-25 17:32:10.521005	532
google-oauth2|105590484816424333593	5	2017-10-14 09:12:48.304980	350
google-oauth2|105701880265016192913	1	2017-09-16 13:04:04.624590	713
google-oauth2|105801824082354115486	2	2017-10-06 11:11:33.341849	571
google-oauth2|105843907901195764117	1	2017-09-29 10:52:58.461817	982
google-oauth2|105854480398015585126	1	2017-09-14 15:59:39.616083	610
google-oauth2|105858292289798573239	1	2017-09-20 16:57:27.376659	805
google-oauth2|105867556955974387583	1	2017-09-14 18:35:36.944970	653
google-oauth2|105880196397600903353	1	2017-09-20 14:13:28.289401	799
google-oauth2|105902126230940757949	1	2017-09-28 14:35:43.936278	955
google-oauth2|105919320588217283311	1	2017-09-14 17:30:00.541051	639
google-oauth2|105947157422182432728	14	2017-09-23 17:38:53.814888	116
google-oauth2|105981424130186487117	1	2017-09-24 17:50:03.221740	856
google-oauth2|106048148220486021780	1	2017-09-14 18:19:19.518337	648
google-oauth2|106081157571462770070	1	2017-10-02 17:26:59.680249	1038
google-oauth2|106093855099824482720	6	2017-09-25 16:09:02.326915	317
google-oauth2|106109718530970552216	1	2017-09-14 17:11:49.468902	634
google-oauth2|106162616186075575785	1	2017-09-27 12:25:36.195090	927
google-oauth2|106169168206177943575	1	2017-10-04 11:01:09.079722	1073
google-oauth2|106185297967275771459	2	2017-09-15 19:12:37.798780	448
google-oauth2|106200839399553375577	1	2017-09-25 16:35:00.872991	888
google-oauth2|106211559036101489725	10	2017-09-18 14:25:15.299517	164
google-oauth2|106214444410149801088	25	2017-09-28 12:22:52.939812	41
google-oauth2|106236282122757308072	1	2017-10-01 15:01:44.269287	1012
google-oauth2|106237509295625376466	4	2017-09-27 05:29:56.657277	368
google-oauth2|106268640376220910363	1	2017-09-25 13:56:02.804736	868
google-oauth2|106326911643596163731	6	2017-09-17 11:39:38.652201	254
google-oauth2|106335425442246424138	1	2017-09-17 08:31:06.932529	742
google-oauth2|106337106203899476327	1	2017-09-27 03:39:50.233684	922
google-oauth2|106355500776937303414	6	2017-09-23 16:30:56.606714	305
google-oauth2|106399069633634098801	1	2017-09-25 15:24:03.014460	880
google-oauth2|106429241876459266702	8	2017-09-25 06:36:48.373037	219
google-oauth2|106452161808056875733	1	2017-09-26 05:17:42.131670	900
google-oauth2|106459827205125487567	6	2017-09-17 14:11:09.354028	256
google-oauth2|106474497826276742380	1	2017-10-03 16:30:35.249773	1056
google-oauth2|106482094347102216352	2	2017-09-19 15:35:25.252756	484
google-oauth2|106515502685648961796	1	2017-09-14 19:27:27.779956	660
google-oauth2|106557358535791560995	26	2017-09-27 16:49:44.795723	37
google-oauth2|106567073336456681109	20	2017-09-24 08:14:27.567306	75
google-oauth2|106576828432729601933	15	2017-09-22 12:13:44.292678	106
google-oauth2|106622899845392881416	7	2017-09-22 13:38:12.688149	235
google-oauth2|106628528562561463983	6	2017-09-20 18:54:37.332134	290
google-oauth2|106643882219679213554	8	2017-09-20 16:38:20.165499	212
google-oauth2|106663936595696939806	14	2017-09-22 03:12:54.896936	115
google-oauth2|106707751064269941142	1	2017-09-25 15:43:47.689640	882
google-oauth2|106710931811918194491	2	2017-09-20 13:42:53.515862	492
google-oauth2|106727144076572801676	2	2017-09-22 14:52:30.700103	511
google-oauth2|106751257415183104265	6	2017-09-20 17:42:59.787088	288
google-oauth2|106772398647537359485	2	2017-09-29 10:00:53.446951	550
google-oauth2|106851665574407523730	1	2017-09-14 19:40:16.479681	662
google-oauth2|106868615926170891843	1	2017-09-26 06:02:04.749910	901
google-oauth2|106873246590281503504	4	2017-09-20 12:17:39.995031	363
google-oauth2|106896511519589278409	1	2017-09-16 11:49:29.707792	709
google-oauth2|106910322731327072074	13	2017-09-19 13:09:54.207294	122
google-oauth2|106913444643339025165	2	2017-09-27 14:53:53.146752	544
google-oauth2|106923538436570908206	1	2017-10-01 16:04:42.530806	1015
google-oauth2|106927434642533840348	29	2017-09-27 17:09:22.674410	23
google-oauth2|106952512243292527735	6	2017-10-02 18:35:50.203778	330
google-oauth2|106967024679523352309	3	2017-09-15 14:34:32.167978	395
google-oauth2|106971896731546619607	1	2017-09-14 15:03:58.363398	585
google-oauth2|106982191870789281502	2	2017-09-14 16:27:02.424875	420
google-oauth2|106995001897173111243	9	2017-09-17 16:04:38.860647	176
google-oauth2|107015526842580764190	1	2017-09-29 06:22:02.493899	972
google-oauth2|107031731531326224699	1	2017-10-01 17:33:22.924399	1018
google-oauth2|107046819409531318507	1	2017-09-24 08:53:48.667942	848
google-oauth2|107053563459516828037	8	2017-09-19 14:38:29.841488	208
google-oauth2|107069485718688772042	7	2017-09-24 08:12:59.886954	243
google-oauth2|107119220519730849302	2	2017-10-06 06:53:14.383327	569
google-oauth2|107124452562803698175	2	2017-09-28 14:26:58.799419	547
google-oauth2|107143435273318087110	1	2017-09-26 12:58:09.235415	906
google-oauth2|107192916731147505988	6	2017-09-20 08:21:36.019181	282
google-oauth2|107233881985231797876	9	2017-09-25 17:26:41.038445	183
google-oauth2|107253135837476060857	1	2017-09-28 13:01:23.323175	951
google-oauth2|107254106236041914054	2	2017-09-20 15:31:41.789219	495
google-oauth2|107255006478164325746	1	2017-10-01 15:41:18.828778	1013
google-oauth2|107264260135103761299	1	2017-09-28 17:08:58.163690	962
google-oauth2|107271916875349156545	2	2017-09-17 07:57:52.803813	467
google-oauth2|107287923574152770174	1	2017-10-04 08:40:18.324495	1067
google-oauth2|107352751613594867695	4	2017-09-15 15:07:28.090840	352
google-oauth2|107371592843605940059	1	2017-09-25 09:18:42.731755	858
google-oauth2|107410845678383011346	1	2017-09-25 19:34:37.496932	896
google-oauth2|107419920357860758260	6	2017-09-20 14:42:02.504535	285
google-oauth2|107423396120353943989	1	2017-09-29 06:18:43.811050	971
google-oauth2|107439319625893806258	10	2017-09-26 16:47:29.519387	173
google-oauth2|107495690103765137309	6	2017-09-24 03:57:16.608903	307
google-oauth2|107540072434838909945	1	2017-09-16 16:34:24.607328	717
google-oauth2|107563655779060713804	1	2017-10-06 11:08:32.974909	1102
google-oauth2|107577415995498921518	1	2017-10-05 11:54:54.636279	1096
google-oauth2|107618254412298955115	2	2017-09-16 09:47:41.868442	454
google-oauth2|107671478535334453857	10	2017-09-22 10:34:52.606789	168
google-oauth2|107688444463898976684	6	2017-09-19 10:06:06.559606	274
google-oauth2|107693622047765358188	2	2017-09-21 12:31:47.077366	504
google-oauth2|107700899914241538529	7	2017-09-22 15:14:17.172000	236
google-oauth2|107703120672190654971	1	2017-09-15 20:26:15.236214	698
google-oauth2|107744059093463355964	1	2017-09-28 15:14:52.503846	957
google-oauth2|107825713251307364793	1	2017-10-04 16:13:36.130007	1082
google-oauth2|107831871839701910621	4	2017-09-30 10:35:57.309682	375
google-oauth2|107939105375941860733	1	2017-09-17 10:45:46.989489	753
google-oauth2|107960814239041920485	7	2017-09-19 06:52:16.269580	230
google-oauth2|108030864280148474702	8	2017-09-17 12:19:17.995430	188
google-oauth2|108055553627512425782	6	2017-09-24 14:35:50.724689	309
google-oauth2|108081455361042005355	1	2017-09-14 15:23:53.458250	596
google-oauth2|108160474356034653809	2	2017-09-14 16:53:40.107084	422
google-oauth2|108193472923842399300	1	2017-09-30 17:33:29.996338	1002
google-oauth2|108275760859725110017	3	2017-09-16 19:10:44.718938	401
google-oauth2|108290570204254305813	1	2017-09-17 11:23:00.778749	755
google-oauth2|108329385474432084117	1	2017-09-17 05:22:53.511834	727
google-oauth2|108337840302498232244	1	2017-09-28 05:50:32.497733	945
google-oauth2|108366385654954838707	6	2017-09-18 04:06:30.692805	266
google-oauth2|108370583661334000413	1	2017-09-15 08:07:41.846515	677
google-oauth2|108405214959006723378	2	2017-09-14 14:40:37.118869	413
google-oauth2|108436402164240801222	5	2017-09-16 15:56:58.301415	342
google-oauth2|108490228817210876814	5	2017-09-16 09:01:33.263771	336
google-oauth2|108496090701570245100	1	2017-09-14 18:00:50.113671	645
google-oauth2|108499337081033212006	1	2017-09-17 15:18:12.136919	768
google-oauth2|108502713691970483379	10	2017-09-25 17:47:06.235620	172
google-oauth2|108510012076215374254	6	2017-09-29 09:10:02.117523	328
google-oauth2|108596348988562071946	7	2017-09-26 15:05:53.865056	248
google-oauth2|108599885968408452626	1	2017-09-30 17:52:54.130369	1004
google-oauth2|108640730523534332546	1	2017-09-17 14:06:20.521354	762
google-oauth2|108699194980664689090	1	2017-09-21 15:25:15.008151	818
google-oauth2|108714689151945015098	7	2017-09-23 09:21:35.194445	240
google-oauth2|108727470790817366821	5	2017-09-15 20:41:41.783778	332
google-oauth2|108741381946613754485	13	2017-09-23 06:42:24.606854	125
google-oauth2|108752383987308683558	1	2017-09-26 13:01:19.094439	907
google-oauth2|108768143441898416829	1	2017-09-30 05:42:54.916839	993
google-oauth2|108803460168671672911	1	2017-09-22 11:41:26.474956	821
google-oauth2|108948090193481477914	1	2017-09-26 16:34:17.044341	915
google-oauth2|108949697314209238307	10	2017-09-18 11:54:06.493162	158
google-oauth2|108951960668873996051	1	2017-09-14 15:19:22.356528	590
google-oauth2|108970236781205954569	1	2017-09-15 14:41:27.301199	686
google-oauth2|108988710796996547035	1	2017-09-21 04:23:00.772422	810
google-oauth2|109066304918187817757	1	2017-09-29 06:57:36.856319	974
google-oauth2|109073749357437562096	1	2017-09-17 05:18:19.322967	726
google-oauth2|109140866563481513631	6	2017-09-22 06:11:37.352638	295
google-oauth2|109175685634865290766	8	2017-09-17 15:44:10.221166	200
google-oauth2|109217653489030436084	1	2017-09-17 11:12:38.268809	754
google-oauth2|109270611382964167032	3	2017-09-15 16:35:49.071354	396
google-oauth2|109300192979945576972	1	2017-10-04 03:38:29.390090	1063
google-oauth2|109308712666582441003	1	2017-09-28 12:49:31.933596	950
google-oauth2|109354645790300860125	1	2017-10-03 19:09:39.800393	1061
google-oauth2|109355694655513052148	11	2017-09-18 14:54:11.701400	136
google-oauth2|109366980684085346439	1	2017-10-04 10:43:21.914188	1070
google-oauth2|109390722201924243436	6	2017-09-18 07:03:09.065443	268
google-oauth2|109404015103838686148	8	2017-09-20 09:23:51.669436	210
google-oauth2|109415033149930782567	4	2017-09-22 13:34:33.231943	364
google-oauth2|109489130589439881853	2	2017-09-19 13:04:21.966930	482
google-oauth2|109496493426905548322	1	2017-10-02 10:30:50.059645	1023
google-oauth2|109536241687864962478	2	2017-09-29 20:19:15.488109	556
google-oauth2|109558797927239470153	1	2017-09-22 16:52:18.927837	825
google-oauth2|109671722330646314327	1	2017-09-18 20:28:04.578762	780
google-oauth2|109692713339332346458	8	2017-09-20 19:22:36.356283	214
google-oauth2|109730304099875377737	3	2017-09-14 16:38:34.976219	377
google-oauth2|109739266679429960721	1	2017-09-16 11:06:45.894884	706
google-oauth2|109752292126338322179	1	2017-10-03 16:25:27.461546	1055
google-oauth2|109755521204885664925	1	2017-09-14 16:38:22.191081	626
google-oauth2|109778665174307704235	2	2017-09-21 17:37:48.705103	506
google-oauth2|109817123281220841838	2	2017-09-16 12:13:36.026980	456
google-oauth2|109830899176713151891	1	2017-10-05 10:28:00.202966	1094
google-oauth2|109865700993086760843	7	2017-09-26 15:41:27.223868	249
google-oauth2|109870831328153911119	2	2017-10-04 15:57:05.197463	567
google-oauth2|109871722134476055876	4	2017-09-15 15:06:29.191514	351
google-oauth2|109884318362860487398	1	2017-09-24 04:21:45.111050	844
google-oauth2|109907823823222729218	1	2017-10-03 15:07:53.750144	1052
google-oauth2|109949267710260874346	18	2017-09-24 13:42:04.064400	95
google-oauth2|109953953046243907697	1	2017-10-02 07:11:14.935808	1019
google-oauth2|109963024375147409453	20	2017-09-25 14:17:37.417397	81
google-oauth2|109972832435770098515	3	2017-09-15 08:46:40.835809	389
google-oauth2|109973669992604714989	1	2017-09-25 14:49:41.228833	877
google-oauth2|109980978465119939511	6	2017-09-17 17:13:48.080723	263
google-oauth2|110005896850170424619	6	2017-09-22 15:26:27.863253	299
google-oauth2|110031483293795920529	1	2017-09-14 15:16:24.991115	589
google-oauth2|110065002951471712467	8	2017-09-17 13:52:11.236957	194
google-oauth2|110109949195681947710	1	2017-09-14 18:48:48.556961	656
google-oauth2|110147947782919367699	1	2017-09-14 18:47:10.489018	655
google-oauth2|110153599982933936033	1	2017-09-25 15:46:26.302761	883
google-oauth2|110158584889708846499	1	2017-09-20 14:38:24.262841	801
google-oauth2|110204062954161319546	2	2017-09-17 06:19:03.943245	465
google-oauth2|110223288939910451512	1	2017-09-14 17:18:43.054005	636
google-oauth2|110233468017827410958	1	2017-09-25 16:05:25.305413	887
google-oauth2|110235039140342514500	1	2017-09-29 07:17:53.925688	976
google-oauth2|110289506013550918174	1	2017-09-16 19:12:56.857414	723
google-oauth2|110321157000467986068	1	2017-09-25 14:47:20.121574	876
google-oauth2|110364259024916179115	17	2017-09-25 17:54:39.926202	104
google-oauth2|110367125192088853614	1	2017-09-27 06:01:28.361300	924
google-oauth2|110389804953611846654	3	2017-09-14 16:46:01.668728	378
google-oauth2|110394400316524271506	9	2017-09-25 13:21:09.414001	182
google-oauth2|110394829222543592385	1	2017-09-30 13:05:10.077459	998
google-oauth2|110444249015066463076	1	2017-10-02 15:50:52.133796	1029
google-oauth2|110467877628908449853	1	2017-09-26 15:56:06.013031	913
google-oauth2|110477343037645147452	20	2017-09-24 05:45:31.113386	73
google-oauth2|110530265137027393216	1	2017-10-01 15:48:55.884749	1014
google-oauth2|110541251958980576085	1	2017-09-15 14:29:06.167070	685
google-oauth2|110568422873250751992	1	2017-09-14 15:33:52.883813	600
google-oauth2|110571427325336548605	1	2017-09-18 13:44:00.769482	774
google-oauth2|110575770545397477206	1	2017-10-03 02:28:38.585794	1040
google-oauth2|110643999093445690035	13	2017-09-28 06:32:25.456813	129
google-oauth2|110684826656240888061	11	2017-09-23 09:24:02.961019	150
google-oauth2|110706514276598952883	1	2017-09-14 18:51:29.999451	657
google-oauth2|110712667972519244943	1	2017-09-24 12:29:12.156242	850
google-oauth2|110724738967785069033	1	2017-09-15 14:51:13.425468	688
google-oauth2|110726984165344953641	1	2017-09-29 03:59:55.530522	968
google-oauth2|110818597883724054220	1	2017-09-17 13:19:07.741614	759
google-oauth2|110852300275850345000	2	2017-09-21 06:27:35.796466	502
google-oauth2|110856051876268908144	1	2017-10-05 04:19:33.232185	1087
google-oauth2|110880441626248723999	2	2017-09-28 05:15:18.321220	545
google-oauth2|110906836466953865513	1	2017-09-25 14:43:11.311949	874
google-oauth2|110909591833134286331	1	2017-09-15 06:01:04.976733	672
google-oauth2|110985811609305802721	11	2017-09-25 15:51:46.775922	151
google-oauth2|111025689194474289867	1	2017-09-25 13:26:05.616087	863
google-oauth2|111035637070004091101	3	2017-09-25 14:04:57.677404	409
google-oauth2|111104568047124135320	1	2017-09-23 16:37:50.589845	840
google-oauth2|111145976035245066239	1	2017-10-04 09:58:19.277890	1069
google-oauth2|111176738742539057191	2	2017-09-18 06:03:32.325731	472
google-oauth2|111186996273045232387	20	2017-09-23 10:36:04.820491	62
google-oauth2|111275076163792442813	1	2017-09-26 15:54:48.801814	912
google-oauth2|111285879495267065532	1	2017-09-14 15:49:30.449517	604
google-oauth2|111300987295622418174	13	2017-09-27 08:45:49.510914	127
google-oauth2|111317378045157526205	6	2017-09-19 15:11:23.362001	278
google-oauth2|111318922611400569194	1	2017-09-14 16:10:02.778972	614
google-oauth2|111331887238000845031	4	2017-09-27 12:55:16.986560	370
google-oauth2|111332935836464515469	2	2017-10-01 15:14:06.635063	561
google-oauth2|111452142678946652823	1	2017-09-25 19:42:38.140764	897
google-oauth2|111476245762586127509	1	2017-10-05 02:53:14.760398	1086
google-oauth2|111487640508710602748	1	2017-09-28 04:47:07.317159	944
google-oauth2|111497803884495283699	2	2017-09-15 12:42:57.257324	437
google-oauth2|111516698283128380686	1	2017-09-29 11:18:46.925720	983
google-oauth2|111517159153270952013	1	2017-09-26 17:14:03.759396	917
google-oauth2|111520580251227409943	1	2017-10-03 16:41:02.344911	1058
google-oauth2|111532443300935891783	7	2017-09-18 16:53:03.840365	227
google-oauth2|111537913136432003191	1	2017-09-28 15:17:00.980221	958
google-oauth2|111542055393239958751	1	2017-10-03 05:22:14.787232	1044
google-oauth2|111571707779694599450	29	2017-09-27 16:03:41.827989	22
google-oauth2|111600135904676106375	1	2017-09-17 07:40:35.623334	740
google-oauth2|111653128260154597991	10	2017-09-18 12:46:01.783607	160
google-oauth2|111653521261554155206	2	2017-09-15 12:55:57.179023	438
google-oauth2|111692729108780036840	1	2017-10-03 16:06:34.294898	1053
google-oauth2|111701560616708685069	6	2017-09-17 10:19:08.923958	252
google-oauth2|111730546881469272132	8	2017-09-21 05:12:39.084598	215
google-oauth2|111769081987507266781	1	2017-09-26 17:28:34.396202	919
google-oauth2|111823723219691011550	31	2017-09-27 16:49:38.330011	12
google-oauth2|111871303707628425754	2	2017-09-21 18:08:46.258802	507
google-oauth2|111907366869491031364	1	2017-10-06 08:06:01.566592	1101
google-oauth2|111925236895684653582	1	2017-10-01 03:16:41.991149	1006
google-oauth2|111925997974554242124	3	2017-09-15 06:14:53.089455	387
google-oauth2|111975675172008051259	1	2017-09-29 02:59:14.566002	967
google-oauth2|111982108781469055097	2	2017-09-14 20:34:45.243193	428
google-oauth2|111986387364508034564	1	2017-09-16 15:53:55.357201	716
google-oauth2|112040070108709543995	1	2017-09-17 14:28:02.893627	763
google-oauth2|112050958059944044126	1	2017-09-28 15:38:08.819613	959
google-oauth2|112052091614289523945	1	2017-09-24 06:06:02.198583	846
google-oauth2|112073867540075016828	1	2017-09-30 06:14:35.299692	995
google-oauth2|112084854632268941977	1	2017-09-19 14:14:41.608932	786
google-oauth2|112096961250818804618	1	2017-09-14 14:46:59.053455	574
google-oauth2|112103121607927121499	1	2017-09-24 16:15:12.355446	854
google-oauth2|112143018163623699823	7	2017-09-25 17:54:51.418743	245
google-oauth2|112149942134558090515	6	2017-09-20 17:35:51.441869	287
google-oauth2|112172199808105267706	1	2017-09-15 19:38:36.418593	697
google-oauth2|112178826582270519524	2	2017-09-14 16:19:35.564470	418
google-oauth2|112216282561031551318	1	2017-09-14 19:29:22.114624	661
google-oauth2|112217349260300486660	6	2017-10-05 15:58:58.176724	331
google-oauth2|112220172134555480281	27	2017-09-27 17:51:28.249654	36
google-oauth2|112231050456525524102	24	2017-09-27 10:20:45.503288	48
google-oauth2|112252835929649852872	1	2017-09-14 17:16:23.011329	635
google-oauth2|112277814944362677764	1	2017-09-16 12:56:42.410901	711
google-oauth2|112314895979990583898	7	2017-09-28 14:28:06.713623	250
google-oauth2|112321214753286709273	3	2017-09-23 08:42:21.225591	406
google-oauth2|112351354635604054820	1	2017-10-04 12:39:32.561555	1074
google-oauth2|112363092036330647170	1	2017-09-25 06:52:45.099960	857
google-oauth2|112472048529497417686	1	2017-09-19 16:01:01.891211	789
google-oauth2|112559550900000875945	1	2017-09-22 06:22:31.590649	820
google-oauth2|112570616795301578001	31	2017-09-27 15:32:19.110069	7
google-oauth2|112573615098138349513	1	2017-09-28 08:00:12.928100	947
google-oauth2|112604317027778506785	1	2017-09-14 15:51:21.922441	605
google-oauth2|112620196025794382197	2	2017-09-17 03:36:13.617604	464
google-oauth2|112639557434699737630	2	2017-10-02 05:08:40.154842	563
google-oauth2|112663986149269475455	1	2017-09-14 14:48:28.587449	576
google-oauth2|112718375775048344192	1	2017-10-04 09:07:04.736244	1068
google-oauth2|112752076993520325183	1	2017-09-27 13:47:57.075824	929
google-oauth2|112757806365131848265	1	2017-09-28 06:40:30.973181	946
google-oauth2|112796196766065477240	1	2017-10-03 13:20:46.375044	1050
google-oauth2|112858222819575530254	1	2017-09-17 13:54:45.031988	761
google-oauth2|112874035344976088340	1	2017-09-29 17:37:31.390407	990
google-oauth2|112897581354464444334	10	2017-09-23 02:05:29.922747	170
google-oauth2|112923760113215862965	6	2017-10-01 06:53:14.287276	329
google-oauth2|112984761912843648521	1	2017-10-02 15:56:09.508708	1031
google-oauth2|112993295658113131980	3	2017-09-14 18:56:22.894768	382
google-oauth2|113089449694314311344	2	2017-09-21 10:37:07.765196	503
google-oauth2|113110880808968369252	1	2017-10-03 11:05:14.363588	1047
google-oauth2|113123280855663534376	1	2017-09-25 13:55:47.196596	866
google-oauth2|113131271309586363185	1	2017-09-20 13:37:47.187379	797
google-oauth2|113161725751118347044	6	2017-09-23 17:14:49.088921	306
google-oauth2|113214685109004021863	11	2017-09-20 06:05:46.454796	144
google-oauth2|113256397085597790726	2	2017-09-27 09:21:07.930242	540
google-oauth2|113266106950443809710	6	2017-09-18 09:27:02.838847	269
google-oauth2|113268605765307763038	1	2017-09-27 11:39:54.725834	926
google-oauth2|113297605758137176968	2	2017-09-14 18:50:00.960390	425
google-oauth2|113434401115554776307	10	2017-09-18 15:16:48.434662	166
google-oauth2|113535356115547103786	1	2017-09-14 14:59:19.925056	580
google-oauth2|113543163462101680112	5	2017-09-16 13:35:43.035629	339
google-oauth2|113558402999180939413	1	2017-09-18 16:20:14.250784	776
google-oauth2|113579206024119385348	3	2017-09-15 00:27:20.356538	384
google-oauth2|113582320543463111123	1	2017-10-04 05:53:30.061133	1064
google-oauth2|113643607547462235588	24	2017-09-26 19:51:36.249730	45
google-oauth2|113686696928167567082	7	2017-09-17 08:01:22.453878	224
google-oauth2|113703005682670119922	8	2017-09-17 12:35:36.289549	192
google-oauth2|113723160611881719959	8	2017-09-17 15:04:20.023153	198
google-oauth2|113725041336330443653	1	2017-09-14 17:30:49.325037	640
google-oauth2|113794290486641451571	2	2017-09-15 11:37:04.541945	436
google-oauth2|113811311358155026896	2	2017-10-01 07:16:34.051596	560
google-oauth2|113812981742999151910	2	2017-09-14 14:44:15.488200	414
google-oauth2|113930783497769197151	1	2017-09-28 14:05:05.992790	953
google-oauth2|113938951502675727332	1	2017-09-27 15:52:58.800517	932
google-oauth2|113946799267931348007	10	2017-09-18 11:07:42.395200	156
google-oauth2|113977271952650221442	1	2017-09-14 15:09:35.494841	586
google-oauth2|114030966015091292230	24	2017-09-27 19:22:22.051896	51
google-oauth2|114038340510731972297	1	2017-09-21 11:59:20.873960	815
google-oauth2|114052754585673127718	1	2017-09-26 14:54:48.894533	910
google-oauth2|114112045506284866773	1	2017-09-15 04:01:47.510002	668
google-oauth2|114116027119576540511	1	2017-10-01 10:49:11.300898	1008
google-oauth2|114129409343676579234	1	2017-10-05 06:15:09.553904	1091
google-oauth2|114171016035159940479	2	2017-10-02 15:23:52.080931	564
google-oauth2|114174069045820292968	1	2017-09-18 16:44:14.062476	778
google-oauth2|114179979977189921411	2	2017-09-25 15:16:00.445744	529
google-oauth2|114198488962500767161	4	2017-09-28 02:39:11.952803	371
google-oauth2|114204686394455608653	1	2017-09-18 20:26:05.695833	779
google-oauth2|114207713948954233967	4	2017-09-18 04:52:40.407504	359
google-oauth2|114272465170563065288	1	2017-09-28 08:37:19.967373	948
google-oauth2|114279770343383112792	1	2017-09-23 14:44:51.182513	835
google-oauth2|114290034699297354098	1	2017-09-17 14:57:50.504218	765
google-oauth2|114304986870540947124	2	2017-09-16 07:06:20.129856	453
google-oauth2|114312053237679762956	19	2017-09-23 09:46:58.140913	90
google-oauth2|114331633380722867002	2	2017-09-14 16:40:48.904706	421
google-oauth2|114336647064367156285	2	2017-09-18 15:18:26.865187	474
google-oauth2|114368310113882340587	7	2017-09-25 15:44:17.709635	244
google-oauth2|114371596982095985243	1	2017-09-17 09:59:55.446124	750
google-oauth2|114389064971792560541	1	2017-09-23 15:45:38.625669	838
google-oauth2|114397205281081224770	1	2017-09-21 07:14:50.615392	812
google-oauth2|114404115922199180497	1	2017-09-26 00:58:17.426147	898
google-oauth2|114441485450719270279	1	2017-09-25 14:16:48.777103	870
google-oauth2|114457310376837913515	2	2017-09-29 12:53:02.187253	551
google-oauth2|114459023349787136410	2	2017-09-16 18:35:44.868522	461
google-oauth2|114557114017173896162	1	2017-09-19 14:54:37.451133	787
google-oauth2|114574968746258265308	1	2017-09-25 15:55:59.117250	885
google-oauth2|114618471590959979589	1	2017-09-26 12:05:32.833207	905
google-oauth2|114627003848479132429	1	2017-10-03 09:41:16.072527	1045
google-oauth2|114627531502168899105	2	2017-09-14 19:06:42.611701	426
google-oauth2|114635006521011864517	20	2017-09-24 05:05:04.024856	72
google-oauth2|114644778227983654022	2	2017-09-20 14:33:27.538670	494
google-oauth2|114659396690461781993	1	2017-09-16 20:10:52.117420	725
google-oauth2|114702528077877829421	1	2017-09-25 14:52:35.880051	878
google-oauth2|114704661383440879654	5	2017-09-16 05:20:10.355566	333
google-oauth2|114708236093254680275	1	2017-09-29 07:58:37.979669	978
google-oauth2|114725001649313381182	3	2017-09-25 16:08:49.558848	410
google-oauth2|114754885227316901725	8	2017-09-18 10:42:19.626529	206
google-oauth2|114755994118483032014	2	2017-09-16 14:52:54.492157	458
google-oauth2|114812643273616014842	1	2017-09-25 14:34:17.987645	872
google-oauth2|114813027285069261104	6	2017-09-22 14:11:32.391255	297
google-oauth2|114816617098711334610	1	2017-09-29 14:37:28.070621	986
google-oauth2|114877833595305511188	1	2017-09-14 15:54:00.168401	606
google-oauth2|114880670288411171762	1	2017-09-20 17:11:26.783224	806
google-oauth2|114903198139644336771	8	2017-09-17 11:31:56.365630	187
google-oauth2|114919717289423000596	1	2017-09-28 14:00:27.039921	952
google-oauth2|114921108170699263115	7	2017-09-23 15:41:04.864647	242
google-oauth2|115007653054157853264	1	2017-09-25 13:24:19.174142	862
google-oauth2|115063692111824294038	20	2017-09-26 18:20:52.830726	83
google-oauth2|115079653648741136044	2	2017-09-25 15:31:10.843189	530
google-oauth2|115101148830181259947	2	2017-10-04 16:12:11.113159	568
google-oauth2|115131329703796518786	2	2017-09-21 02:59:59.038706	498
google-oauth2|115190711639281937637	1	2017-09-19 13:38:55.413973	784
google-oauth2|115209543654663765553	1	2017-09-19 15:35:21.815685	788
google-oauth2|115235688134180778613	1	2017-09-15 03:02:32.801410	666
google-oauth2|115238447020371115927	6	2017-09-21 13:17:11.286986	292
google-oauth2|115271007663802809877	1	2017-09-27 17:37:26.809860	939
google-oauth2|115294844340658517984	20	2017-09-23 14:03:19.887404	65
google-oauth2|115378516374691140855	3	2017-09-22 16:09:28.803512	405
google-oauth2|115386129832330909882	1	2017-09-25 14:23:44.037218	871
google-oauth2|115422452437551033207	1	2017-09-15 17:00:46.902180	695
google-oauth2|115509141224278284983	1	2017-10-03 12:45:46.750818	1049
google-oauth2|115574882107752046035	1	2017-09-23 13:01:16.093637	834
google-oauth2|115632883269080835286	1	2017-09-14 18:25:15.370636	651
google-oauth2|115655357782665259057	19	2017-09-22 18:57:58.313556	89
google-oauth2|115691146676659418693	1	2017-09-29 07:22:53.848439	977
google-oauth2|115730200288514730712	1	2017-09-19 17:18:34.712277	791
google-oauth2|115756355511515902020	20	2017-09-24 16:14:03.415173	80
google-oauth2|115800228503575125944	1	2017-09-15 17:00:30.133919	694
google-oauth2|115836047870582376497	6	2017-09-23 03:26:04.539140	301
google-oauth2|115842456893584450147	2	2017-09-23 09:36:06.483345	519
google-oauth2|115856808998345166066	8	2017-09-18 10:42:05.595360	205
google-oauth2|115883032134144522797	1	2017-09-30 13:47:54.712766	1000
google-oauth2|115910287821704414531	1	2017-09-25 16:01:32.236008	886
google-oauth2|115946872691430584152	1	2017-09-30 01:51:40.048720	991
google-oauth2|115986231720550665357	2	2017-09-15 13:29:09.934775	440
google-oauth2|116025271981399639359	1	2017-10-04 15:43:03.877801	1080
google-oauth2|116048271378627083356	1	2017-09-14 16:35:33.036025	624
google-oauth2|116100410756306626930	6	2017-09-26 11:48:22.170416	321
google-oauth2|116109846786190631355	1	2017-09-25 15:50:38.306840	884
google-oauth2|116120661283957165627	1	2017-09-15 07:41:41.328775	676
google-oauth2|116127718425022044967	1	2017-09-16 11:03:56.762816	705
google-oauth2|116152650798804839503	11	2017-09-19 14:55:14.674715	141
google-oauth2|116169834855354564583	2	2017-09-29 17:37:58.957360	554
google-oauth2|116174455308344340939	2	2017-09-28 16:22:24.127042	549
google-oauth2|116206029643235642933	3	2017-09-17 02:33:35.088117	402
google-oauth2|116271296250410455536	6	2017-09-27 07:08:10.917313	324
google-oauth2|116367359332642026262	1	2017-09-23 16:57:42.966115	841
google-oauth2|116375377444318869803	1	2017-09-29 06:50:15.796019	973
google-oauth2|116432233675367715112	2	2017-10-06 06:54:17.251092	570
google-oauth2|116460069539081510120	1	2017-09-25 14:34:31.009537	873
google-oauth2|116486029403291933782	31	2017-09-27 16:21:47.242564	11
google-oauth2|116488324255538843019	1	2017-09-14 16:59:19.136142	631
google-oauth2|116492613278047830150	1	2017-09-16 10:43:11.262932	704
google-oauth2|116529479190844073932	6	2017-09-17 16:25:55.775781	261
google-oauth2|116580224256770248180	1	2017-09-17 09:13:05.463951	744
google-oauth2|116608693501419053516	2	2017-09-21 03:32:44.583444	500
google-oauth2|116644402140206887833	1	2017-10-04 14:37:56.985608	1076
google-oauth2|116716544896691872915	5	2017-09-16 06:35:34.190721	335
google-oauth2|116739592701726269240	28	2017-09-28 06:28:53.983203	26
google-oauth2|116754073232929711080	6	2017-09-26 08:08:24.491824	319
google-oauth2|116795910136745553507	5	2017-09-21 09:40:37.852987	347
google-oauth2|116811781644792456116	1	2017-10-05 04:31:17.690485	1089
google-oauth2|116832486390107611331	2	2017-09-14 19:30:11.013704	427
google-oauth2|116862466363350915338	1	2017-09-25 13:49:05.804365	865
google-oauth2|116888374324422002835	1	2017-09-17 06:03:05.871433	733
google-oauth2|116908483543210825890	1	2017-10-04 15:38:20.300470	1079
google-oauth2|116945412477311558386	11	2017-09-19 02:58:13.051336	137
google-oauth2|117034732874048121238	1	2017-09-25 13:29:21.949759	864
google-oauth2|117068906901841819937	4	2017-09-17 15:39:44.406538	357
google-oauth2|117163175470481071354	6	2017-09-17 12:46:38.443520	255
google-oauth2|117224541518799260658	1	2017-09-29 07:15:04.913805	975
google-oauth2|117229230966412547403	2	2017-09-27 14:31:24.195513	543
google-oauth2|117236654685943324289	6	2017-09-23 03:39:00.492534	302
google-oauth2|117266064523653359394	1	2017-09-16 13:20:58.142096	714
google-oauth2|117318345695703606402	1	2017-09-19 09:21:07.073120	782
google-oauth2|117350029481533331143	1	2017-10-07 17:28:27.858156	1105
google-oauth2|117367478280225234230	1	2017-10-04 14:25:06.938491	1075
google-oauth2|117371189205954117342	4	2017-09-30 07:47:08.346736	374
google-oauth2|117391068931370400895	6	2017-09-27 16:38:22.326244	327
google-oauth2|117474711247734016176	8	2017-09-25 06:36:50.904900	220
google-oauth2|117512447210363186480	1	2017-09-16 08:47:06.583712	701
google-oauth2|117513699893966895368	1	2017-09-28 01:04:51.215722	941
google-oauth2|117551013187624307071	1	2017-09-28 16:32:15.540645	960
google-oauth2|117562536497777375113	1	2017-09-17 13:20:51.137877	760
google-oauth2|117588839355357061258	11	2017-09-19 08:35:26.109381	138
google-oauth2|117615566524581056718	1	2017-09-17 12:56:36.364660	758
google-oauth2|117626688807558935691	2	2017-09-19 16:43:47.862661	487
google-oauth2|117682663535964347189	10	2017-09-22 18:18:01.095339	169
google-oauth2|117714274349868202569	20	2017-09-24 08:29:07.581509	76
google-oauth2|117762910472096286453	3	2017-09-15 09:36:48.827597	391
google-oauth2|117769635660126937869	1	2017-09-29 10:43:48.460771	981
google-oauth2|117791521402694827086	1	2017-09-23 15:24:33.028448	837
google-oauth2|117811985480981097432	4	2017-09-19 16:23:59.337682	362
google-oauth2|117862234997336371745	20	2017-09-24 12:48:01.264874	78
google-oauth2|117893724205393764179	20	2017-09-23 12:16:02.910931	64
google-oauth2|117898468949510241642	1	2017-09-25 13:16:19.784204	860
google-oauth2|117917833661851731629	1	2017-09-25 16:57:23.439636	889
google-oauth2|117932088149390283935	2	2017-09-14 15:01:54.497797	415
google-oauth2|117946513963085488546	1	2017-10-05 09:14:32.451246	1092
google-oauth2|117978409442293525550	8	2017-09-19 09:07:15.231960	207
google-oauth2|118036751580437075253	7	2017-09-19 17:27:45.431813	231
google-oauth2|118037781821586549499	2	2017-09-23 03:18:43.073252	513
google-oauth2|118053284721398976495	1	2017-09-28 01:53:14.467700	943
google-oauth2|118058810793572531919	1	2017-09-30 02:37:05.113067	992
google-oauth2|118088355345395763982	1	2017-09-14 16:30:15.618643	620
google-oauth2|118091287082960771371	1	2017-09-20 13:56:25.935503	798
google-oauth2|118173614797401437956	1	2017-09-27 16:10:34.379302	936
google-oauth2|118207587035769328897	1	2017-09-14 15:09:39.934469	587
google-oauth2|118233520944352164912	1	2017-10-02 15:54:14.255053	1030
google-oauth2|118247153448111370151	17	2017-09-25 17:53:42.853098	103
google-oauth2|118278334399415270694	1	2017-10-04 17:08:29.012746	1084
google-oauth2|118328812544743938837	3	2017-09-16 11:11:38.158786	397
google-oauth2|118336564772950563707	1	2017-10-08 03:58:02.453977	1106
google-oauth2|118381174936261436871	1	2017-09-20 12:47:39.289347	795
google-oauth2|118443435194589739107	2	2017-09-19 15:53:18.877327	485
